"","methanotrophy","methanogenesis_by_CO2_reduction_with_H2","methanogenesis_by_reduction_of_methyl_compounds_with_H2","hydrogenotrophic_methanogenesis","methanogenesis","methanol_oxidation","methylotrophy","aerobic_ammonia_oxidation","aerobic_nitrite_oxidation","sulfate_respiration","sulfur_respiration","nitrate_denitrification","chitinolysis","dark_hydrogen_oxidation","nitrogen_fixation","cellulolysis","xylanolysis","dark_sulfide_oxidation","dark_oxidation_of_sulfur_compounds","manganese_oxidation","fermentation","aerobic_chemoheterotrophy","invertebrate_parasites","human_pathogens_septicemia","human_pathogens_pneumonia","human_pathogens_gastroenteritis","human_pathogens_diarrhea","human_pathogens_all","human_gut","animal_parasites_or_symbionts","plant_pathogen","aromatic_hydrocarbon_degradation","aromatic_compound_degradation","aliphatic_non_methane_hydrocarbon_degradation","hydrocarbon_degradation","iron_respiration","nitrate_respiration","nitrate_reduction","intracellular_parasites","chlorate_reducers","predatory_or_exoparasitic","nonphotosynthetic_cyanobacteria","photosynthetic_cyanobacteria","anoxygenic_photoautotrophy_S_oxidizing","photoheterotrophy","ureolysis"
"AB1Inner.16S.S2",0,11.07,2.67,13.74,0,0,2.67,0,0,0,0,0,0,11.45,0,0.38,0,0,0,0,7.63,9.92,0,0,0,0,0,0.38,0.38,0,0,0,0,0,0,0,0,0.38,0,0,0.38,0,0,0,0.38,0
"AB1Mineral.16S.S2",2.38,0,0,0,0,0,2.38,0,0,0,0,0,0,7.74,2.38,4.17,0,0,0,0,0,33.33,0,0,0,0,0,0,0,3.57,0,0,0,0,0,0,0,0.6,0,0,0.6,0,0,0,0,0
"AB1Organic.16S.S2",0,0,0,0,0,0,0,0,0,0,0,0,0,2.49,0,3.55,0,0,0,0,0.36,27.53,0,0,0,0,0,0,0,0.36,0,0,0,0,0,0,0,0,1.6,0,0.18,0.89,0,0,0,0
"AB1Outer.16S.S2",0,0,0,0,0,0,0,0,0,0,0,0,0,0,0,0,0,0,0,0,22.39,52.24,0,0,0,0,0,16.42,16.42,0,0,0,0,0,0,0,0,16.42,0,0,0,0,0,0,0,0
"AB10Inner.16S.S",0.7,0,0,0,0,0.7,0,0,0,0,0,0,0,0,0,0,0,0,0,0,5.59,47.55,0,0,0,0,0,2.8,2.8,0.7,0,0,0,0,0,0,0,2.8,0,0,0,0,0,0,0,0.7
"AB10Mineral.16S.S",1.2,0,0,0,0,0,1.2,0,0,0,0,0,0,9.34,1.2,2.71,0,0,0,0,0,38.55,0,0,0,0,0,0,0,2.11,0,0,0,0,0,0,0.3,0,0.3,0,0,0,0,0,0.6,0
"AB10Organic.16S.S",0,0,0,0,0,0,0,0,0,0,0,0,0,3.88,0,2.43,0,0,0,0,0.16,30.42,0,0,0,0,0,0,0,0.49,0,0,0,0,0,0,0,0,0.81,0,0.65,0.49,0,0,0,0
"AB10Outer.16S.S1",0.67,0,0,0,0,0.67,0,0,0,0,0,0,0,0,0,1.33,0,0,0,0,6,32.67,0,0,0,0,0,0.67,0.67,0,0,0,0.67,0,0,0,0,0.67,0,0,0.67,0,0,0,0,0.67
"AB11Inner.16S.S1",1.79,0,0,0,0,1.79,0,0,0,0,0,0,0,0.6,0,2.98,0,0,0,0,1.19,38.69,0,0,0.6,0,0,0.6,0,0,0,0,0,0,0,0,0,0,0,0,1.19,0,0.6,0,0,1.79
"AB11Mineral.16S.S1",1.04,0,0,0,0,0,1.04,0,0,0,0,0,0,9.59,1.04,1.04,0,0,0,0,0,37.56,0,0,0,0,0,0,0,3.37,0,0,0,0,0,0,0,0.52,0.78,0,0.26,0.26,0,0,0,0
"AB11Organic.16S.S1",0,0,0,0,0,0,0,0,0,0,0,0,0,3.9,0,1.3,0,0,0,0,0,38.53,0,0,0,0,0,0,0,0.43,0,0,0,0,0,0,0,0,0.43,0,0.43,0.87,0,0,0,0
"AB11Outer.16S.S1",0,0,0,0,0,0,0,0,0,0,0,0,0,0,0,0,0,0,0,0,4.69,24.22,0,0,0,0,0,0,0,0,0,0,0,0,0,0,0,0,0,0,0,0,1.56,0,0.78,0
"AB2Inner.16S.S2",0,7.96,6.57,14.53,0,0,6.57,0,0,0,0,0,0,7.96,0,0.35,0,0,0,0,6.92,6.57,0,0,0,0,0,0,0,0,0,0,0,0,0,0,0,0,0,0,0,0,0,0,0,0
"AB2Mineral.16S.S3",0.9,0,0,0,0,0,0.9,0,0,0,0,0,0,10.84,0.9,1.81,0,0,0,0,0,33.73,0,0,0,0,0,0.3,0,2.71,0,0,0,0,0,0,0.3,0.3,0.6,0,0.3,0.3,0,0,0.6,0
"AB2Organic.16S.S3",0,0,0,0,0,0,0,0,0,0,0,0,0,5.99,0,2.07,0,0,0,0,0,31.82,0,0,0,0,0,0,0,0,0,0,0,0,0,0,0.21,0,1.24,0,0,1.45,0,0,0,0
"AB2Outer.16S.S3",0,0,0,0,0,0,0,0,0,0,0,0,0,0.51,0,0,0,0,0,0,3.06,40.31,0,0,0,0,0,0.51,0.51,0,0,0,0.51,0,0.51,0,0,1.02,0,0,0.51,0,0,0,0.51,0
"AB3Inner.16S.S3",0.48,0.48,0,0.48,0,0.48,0,0,0,0,0,0,0,0.48,0,0.96,0,0,0,0,0.48,31.58,0,0,0.48,0,0,0.48,0,0,0,0,0.96,0,0,0,0,0,0.48,0,0.48,0,0.48,0,0,0.48
"AB3slash5Inner.16S.S4",0.68,0,0,0,0,0.68,0,0,0,0,0,0,0,0,0,0,0,0,0,0,8.16,50.34,0,0,0,0,0,4.76,4.76,0,0,0,1.36,0,0,0,0,5.44,0,0,0,0,0,0,0,0.68
"AB3slash5Mineral.16S.S4",1.35,0,0,0,0,0,1.35,0,0,0,0,0,0,10.77,1.35,4.04,0,0,0,0,0,45.12,0,0,0,0,0,0,0,5.39,0,0,0,0,0,0,0,0.34,1.35,0,0.34,0,0,0,0,0
"AB3slash5Organic.16S.S4",0,0,0,0,0,0,0,0,0,0,0,0,0,2.38,0,2.38,0,0,0,0,0,31.75,0,0,0,0,0,0,0,1.06,0,0,0,0,0,0,0,0,0.26,0,0.79,0.26,0,0,0.26,0
"AB3slash5Outer.16S.S4",0,0,0,0,0,0,0,0,0,0,0,0,0,0,0,0,0,0,0,0,18.52,74.07,0,0,0,0,0,12.96,12.96,0,0,0,0,0,0,0,0,14.81,0,0,0,0,0,0,0,0
"AB4Inner.16S.S4",0,0,0,0,0,0,0,0,0,0,0,0,0,4.2,0,0.42,0,0,0,0,6.3,52.1,0,0,0,0,0,4.62,4.62,0,0,0,0.84,0,0,0,0,4.62,0,0,2.1,0,0,0,0,0
"AB4Mineral.16S.S5",3.31,0,0,0,0,0,3.31,0,0,0,0,0,0,5.96,3.31,2.32,0,0,0,0,0,31.46,0,0,0,0,0,0.33,0,2.32,0,0,0,0,0,0,0,0.66,1.66,0,0.99,0.33,0,0,0.33,0
"AB4Organic.16S.S5",0,0,0,0,0,0,0,0,0,0,0,0,0,4.58,0,2.17,0,0,0,0,0,26.27,0,0,0,0,0,0,0,0.96,0,0,0,0,0,0.24,0,0,1.2,0,0.96,0.24,0,0,0,0
"AB4Outer.16S.S5",0,0,0,0,0,0,0,0,0,0,0,0,0,0,0,0,0,0,0,0,12.5,60.42,0,0,0,0,0,2.08,2.08,0,0,0,2.08,0,0,0,0,2.08,0,0,0,0,0,0,0,0
"AB4slash6Mineral.16S.S5",1.27,0,0,0,0,0,1.27,0,0,0,0,0,0,8.86,1.27,1.9,0,0,0,0,0,36.08,0,0,0,0,0,0,0,4.43,0,0,0,0,0,0,0,0.63,2.53,0,0,0.63,0,0,0,0
"AB4slash6Organic.16S.S6",0,0,0,0,0,0,0,0,0,0,0,0,0,3.22,0,1.34,0,0,0,0,0,35.39,0,0,0,0,0,0,0,0.8,0,0,0,0,0,0,0,0,1.07,0,0.54,0.54,0,0,0.27,0
"AB4slash6Outer.16S.S6",0,0,0,0,0,0,0,0,0,0,0,0,0,0,0,0,0,0,0,0,15.79,42.11,0,0,0,0,0,11.84,11.84,3.95,0,0,3.95,0,0,0,0,11.84,0,0,0,0,0,0,0,0
"AB5Inner.16S.S7",0,0,0,0,0,0,0,0,0,0,0,0,0,0.68,0,0,0,0,0,0,8.11,25,0,0,0,0,0,1.35,1.35,0,0,0,0,0,0,0,0,1.35,0.68,0,0,0,0,0,0,0
"AB5Mineral.16S.S7",1.58,0,0,0,0,0,1.58,0,0,0,0,0,0,10.44,1.58,3.16,0,0,0,0,0,38.61,0,0,0,0,0,0,0,2.53,0,0,0,0,0,0,0,0.32,1.27,0,0.95,0.32,0,0,0,0
"AB5Organic.16S.S7",0.18,0,0,0,0,0,0.18,0,0,0,0,0,0,2.65,0.18,1.94,0,0,0,0,0.18,31.22,0,0,0,0,0,0.18,0,0.71,0,0,0,0,0,0,0.18,0,0.71,0,1.06,0.71,0,0,0.18,0
"AB5Outer.16S.S7",0,0,0,0,0,0,0,0,0,0,0.65,0,0,0,0,0,0,0,0.65,0,10.97,28.39,0,0,0,0,0,1.29,1.29,0,0,0,0,0,0,0,0,1.29,0,0,0,0,0,0,0,0
"AB501Inner.16S.S6",0,7.64,0.36,8,0,0,0.36,0,0,0,0,0,0,19.64,0,0,0,0,0,0,3.27,28.36,0,0,0,0,0,0,0,0.73,0,0,0.36,0,0,0,0,0.36,0.73,0,0.36,0.36,0,0,0.36,0.36
"AB501Mineral.16S.S6",4.04,0,0,0,0,0,4.04,0,0,0,0,0,0,9.34,4.04,4.8,0,0,0,0,0,34.09,0,0,0,0,0,0,0,4.29,0,0,0,0,0,0,0,0,0.76,0,0.25,0,0,0,0.25,0
"AB501Organic.16S.S6",0,0,0,0,0,0,0,0,0,0,0,0,0,4.2,0,1.58,0,0,0,0,0,25.22,0,0,0,0,0,0.18,0,0.35,0,0,0,0,0,0.35,0,0,1.58,0,0.53,0.53,0,0,0.53,0
"AB501Outer.16S.S7",0,0,0,0,0,0,0,0,0,0,0,1.64,0,0,0,0,0,0,0,0,18.03,70.49,0,0,0,0,0,14.75,13.11,0,0,0,0,0,0,0,1.64,13.11,0,0,0,0,0,0,0,0
"AB6Inner.16S.S8",1.02,0,0,0,0,1.02,0,0,0,0,0,0,0,0.51,0,0.51,0,0,0,0,9.18,38.78,0,0,0,0,0,0.51,0.51,2.04,0,0,3.06,0,0,0,0,0.51,0,0,0,0,0,0,0,1.02
"AB6Mineral.16S.S8",1.97,0,0,0,0,0,1.97,0,0,0,0,0,0,10.07,1.97,1.47,0,0,0,0,0,39.07,0,0,0,0,0,0.25,0,4.67,0,0,0,0,0,0,0,0.25,0.98,0,0.25,0.74,0,0,0,0.25
"AB6Organic.16S.S8",0,0,0,0,0,0,0,0,0,0,0,0,0,5.83,0,2.5,0,0,0,0,0,39.38,0,0,0,0,0,0,0,0.42,0,0,0,0,0,0.42,0,0,1.25,0,0.62,0.42,0,0,0.21,0
"AB6primeInner.16S.S8",0,0,0.5,0.5,0,0,0.5,0.5,0,0,0,0,0,0.5,0.5,0,0,0,0,0,2.49,30.35,0,0,0,0,0,1,1,1.49,0,0,0.5,0,0,0,0,1.49,1.99,0,0.5,0,0,0,0,0.5
"AB6primeMineral.16S.S9",2.79,0,0,0,0,0,2.79,0,0,0,0,0,0,10.41,2.79,2.79,0,0,0,0,0,36.29,0,0,0,0,0,0,0,2.28,0,0,0,0,0,0,0,0.25,1.02,0,0.51,0,0,0,0.25,0
"AB6primeOrganic.16S.S9",0,0,0,0,0,0,0,0,0,0,0,0,0,4.66,0,2.43,0,0,0,0,0.19,33.02,0,0,0,0,0,0,0,0.75,0,0,0,0,0,0.19,0,0,1.12,0,0.75,0.56,0,0,0.19,0
"AB6primeOuter.16S.S9",0,0,0,0,0,0,0,0,0,0,0,0,0,0,0,0,0,0,0,0,0,80,0,0,0,0,0,0,0,0,0,0,0,0,0,0,0,0,0,0,0,0,0,0,0,0
"AB9Inner.16S.S9",0,0,0,0,0,0,0,0,0,0,0,0,0,0,0,3.53,0,0,0,0,8.63,38.43,0,0,0,0,0,4.31,4.31,0.39,0,0,0.39,0,0,0,0,4.31,0,0,0,0,0,0,0,1.57
"AB9Mineral.16S.S9",0.44,0,0,0,0,0,0.44,0,0,0,0,0,0,2.22,0.44,1.78,0,0,0,0,0,25.33,0,0,0,0,0,0,0,1.33,0,0,0,0,0,0,0,0,0.89,0,0.44,1.33,0,0,0,0
"AB9Organic.16S.S10",0,0,0,0,0,0,0,0,0,0,0,0,0,3.66,0,1.27,0,0,0,0,0,25.16,0,0,0,0,0,0,0,0.32,0,0,0,0,0,0,0,0,1.59,0,1.27,0.64,0,0,0,0
"AB9Outer.16S.S10",0,2.27,2.27,4.55,0,0,2.27,0,0,0,0,0,0,2.27,0,0,0,0,0,0,0,59.09,0,0,0,0,0,0,0,0,0,0,2.27,0,0,0,0,0,0,0,2.27,0,0,0,0,0
"ABT14PInner.16S.S10",0.63,0,0,0,0,0.63,0,0,0,0,0,0,0,0.63,0,6.29,0,0,0.63,0,31.45,28.3,0,0,0,0,0,1.26,1.26,0,0,0,0.63,0,0,0,0,1.26,0,0,0,0,0,0,0,0.63
"ABT14PMineral.16S.S10",2.98,0,0,0,0,0,2.98,0,0,0,0,0,0,10.42,2.98,6.85,0,0,0,0,0,43.75,0,0,0,0,0,0,0,2.38,0,0,0,0,0,0,0,0.3,1.19,0,0.3,0.3,0,0,0,0
"ABT14POrganic.16S.S10",0,0,0,0,0,0,0,0,0,0,0,0,0,5.03,0,5.26,0,0,0,0,0,34.55,0,0,0,0,0,0,0,0.92,0,0,0,0,0,0,0,0,1.6,0,0.23,0.69,0,0,0,0
"ABT14POuter.16S.S11",0,0,0,0,0,0,0,0,0,0,0,0,0,2.7,0,0,0,0,0,0,8.11,67.57,0,0,0,0,0,5.41,5.41,0,0,0,0,0,0,0,0,5.41,0,0,0,0,0,0,0,0
"BB1Inner.16S.S17",0,0,0,0,0,0,0,0,0,0,0,0,0,0.66,0,3.31,0,0,0,0,3.97,43.05,0,0,0,0,0,1.32,1.32,0,0,0,0,0,0,0,0,1.32,1.32,0,0,0,0,0,0,0
"BB1Mineral.16S.S17",3.79,0,0,0,0,0,3.79,0,0,0,0,0,0,8.93,3.79,1.34,0,0,0,0,0,34.38,0,0,0,0,0,0,0,2.01,0,0,0,0,0,0.22,0,0.22,0.67,0,0,0.22,0,0,0.22,0
"BB1Organic.16S.S17",0,0,0,0,0,0,0,0,0,0,0,0,0,2.76,0,5.97,0,0,0,0,0.15,24.2,0,0,0,0,0,0,0,0.31,0,0,0,0,0,0.15,0,0.15,1.07,0,0.15,0.61,0,0,0,0
"BB1Outer.16S.S18",0,0,0,0,0,0,0,0,0,0,0,0,0,1.2,0,14.97,0,0,0,0,2.4,46.71,0,0,0.6,0,0,2.4,1.8,0,0,0,0.6,0,0,0,0,1.8,0.6,0,1.2,0.6,0,0,0.6,0
"BB10Inner.16S.S11",0,0,0,0,0,0,0,0,0,0,0,0,0,0,0,0.7,0,0,0.7,0,5.59,36.36,0,0,0,0,0,0.7,1.4,0.7,0,0,0.7,0,0,0,0,1.4,0.7,0,0,0,0,0,0.7,0
"BB10Organic.16S.S11",0.77,0,0,0,0,0,0.77,0,0,0,0,0,0,3.67,0.77,1.35,0,0,0,0,0.19,27.22,0,0,0,0,0,0,0,0.39,0,0,0,0,0,0,0.19,0.19,0.19,0,0.97,0.19,0,0,0.39,0
"BB10Outer.16S.S11",0,0,0,0,0,0,0,0,0,0,0,0,0,0,0,2.87,0,0,0,0,7.47,39.66,0,0,0,0,0,5.75,5.75,0,0,0,0,0,0,0,0,5.75,0,0,0.57,0,0,0,0,0
"BB10primeInner.16S.S11",0.75,0,0.37,0.37,0,0.37,0.37,0,0,0,0,0,0,0,0.37,4.87,0,0,0,0,17.98,25.84,0,0,0,0,0,0.37,0.37,0,0,0,0,0,0,0,0,0.37,0.37,0,0.37,0.37,0.75,0,0,0.37
"BB10primeMineral.16S.S12",0.95,0,0,0,0,0,0.95,0,0,0,0,0,0,14.29,0.95,2.38,0,0,0,0,0,34.76,0,0,0,0,0,0,0,1.9,0,0,0,0,0,0,0,0,1.9,0,0,0,0,0,0,0
"BB10primeOrganic.16S.S12",0.31,0,0,0,0,0,0.31,0,0,0,0,0,0,5.75,0.31,2.02,0,0,0,0,0,35.09,0,0,0,0,0,0,0,0.31,0,0,0,0,0,0.31,0.31,0,1.55,0,0.62,0.93,0,0,0.16,0
"BB11Inner.16S.S12",0,0.86,0,0.86,0,0,0,0,0,0,0,0,0,1.72,0,7.76,0,0,0,0,12.07,34.48,0,0,0,0,0,1.72,1.72,0.86,0,0,0,0,0,0,0,1.72,0.86,0,0,0,0.86,0,0,0
"BB11Mineral.16S.S12",0.86,0,0,0,0,0,0.86,0,0,0,0,0,0,7.49,0.86,3.46,0,0,0,0,0,34.29,0,0,0,0,0,0,0,1.44,0,0,0,0,0,0,0.29,0,1.44,0,0.29,0,0,0,0.29,0
"BB11Organic.16S.S13",0,0,0,0,0,0,0,0,0,0,0,0,0,4.74,0,1.69,0,0,0,0,0,24.37,0,0,0,0,0,0,0,0.34,0,0,0,0,0,0.17,0,0,1.18,0,0.85,0.34,0,0,0.34,0
"BB12Inner.16S.S13",0,0,0,0,0,0,0,0,0,0,0,0,0,0,0,0.37,0,0,0,0,28.15,11.85,0,0,0,0,0,0,0,0,0,0,0,0,0,0,0,0,0,0,0,0,0,0,0,0
"BB12Mineral.16S.S13",5.19,0,0,0,0,0,5.19,0,0,0,0,0,0,9.61,5.19,1.56,0,0,0,0,0,35.32,0,0,0,0,0,0,0,1.3,0,0,0,0,0,0,0,0.52,1.04,0,0.52,0.26,0,0,0.26,0
"BB12Organic.16S.S13",0,0,0,0,0,0,0,0,0,0,0,0,0,6.93,0,2.31,0,0,0,0,0,35.1,0,0,0,0,0,0,0,0.69,0,0,0,0,0,0,0,0,1.15,0,0.46,1.39,0,0,0,0
"BB13Inner.16S.S14",0.7,0,0,0,0,0.7,0,0,0,0,0,0,0,7.75,0,2.11,0,0,0,0,6.69,50.7,0,0,0,0,0,3.52,3.52,0.7,0,0,0.7,0,0,0,0,3.52,0.7,0,0.7,0,0,0,0,0.7
"BB13Mineral.16S.S14",2.68,0,0,0,0,0,2.68,0.34,0,0,0,0,0,5.7,2.68,2.68,0,0,0,0,0,29.19,0,0,0,0,0,0,0,3.69,0,0,0,0,0,0,0,0.34,1.01,0,0,0,0,0,0.34,0
"BB13Organic.16S.S14",0,0,0,0,0,0,0,0,0,0,0,0,0,7.61,0,0.45,0,0,0,0,0,33.11,0,0,0,0,0,0,0,0.22,0,0,0,0,0,0,0,0,0.67,0,1.12,1.57,0,0,0.22,0
"BB13Outer.16S.S14",1.23,0,0,0,0,1.23,0,0,0,0,0,0,0,12.35,0,0,0,0,0,0,22.22,49.38,0,0,0,0,0,13.58,13.58,0,0,0,0,0,0,0,0,13.58,0,0,0,0,0,0,0,1.23
"BB14Inner.16S.S15",0,0,0,0,0,0,0,0,0,0,0,0,0,1.56,0,8.98,0,0,0,0,0,37.5,0,0,0,0,0,0,0,0,0,0,0,0,0,0,0,0,0.39,0,1.56,0,0,0,0,0
"BB14Mineral.16S.S15",3.52,0,0,0,0,0,3.52,0,0,0,0,0,0,10.84,3.79,1.08,0,0,0,0,0.27,36.04,0,0,0,0,0,0,0,4.34,0,0,0,0,0,0,0,0,1.36,0,0,0,0,0,0,0.27
"BB14Organic.16S.S15",0,0,0,0,0,0,0,0,0,0,0,0,0,5.71,0,0.93,0,0,0,0,0,29.17,0,0,0,0,0,0,0,1.23,0,0,0,0,0,0,0,0,0.46,0,1.08,0.46,0,0,0.15,0
"BB14Outer.16S.S15",0.4,0,0,0,0,0,0,0,0,0,0,0,0,4.4,0.4,10.8,0,0,0,0,3.6,42.4,0,0,0,0,0,2,2,0,0,0,0,0,0,0,0,2,0,0,0.8,0.4,0,0,0.4,0
"BB16Inner.16S.S15",0.43,0,0,0,0,0.43,0,0,0,0,0,0,0,0.43,0,5.65,0,0,0,0,0.87,31.3,0,0,0,0,0,0.87,0.43,0,0,0,0.43,0,0,0,0.43,0.43,0.43,0,0.43,0.43,0,0,0.43,0.43
"BB16Mineral.16S.S16",0.9,0,0,0,0,0,0.9,0,0,0,0,0,0,11.38,0.9,2.69,0,0,0,0,0,45.21,0,0,0,0,0,0,0,1.5,0,0,0,0,0,0,0,0.3,0.9,0,0.3,0,0,0,0,0
"BB16Organic.16S.S16",0,0,0,0,0,0,0,0,0,0,0,0,0,4.59,0,0.92,0,0,0,0,0,27.52,0,0,0,0,0,0,0,0.37,0,0,0,0,0,0,0,0.18,0.92,0,0.73,0.73,0,0,0.18,0
"BB16Outer.16S.S16",0,0,0,0,0,0,0,0,0,0,0,0,0,1.56,0,0.39,0,0,0,0,0.78,27.24,0,0,0,0,0,0.78,0.78,0,0,0,0.39,0,0,0,0,0.78,0,0,1.17,0.39,0.39,0,0,0
"BB16primeInner.16S.S16",0.54,9.78,0,9.78,0,0.54,0,0,0,0,0,0,0,10.33,0,1.63,0,0,0,0,2.17,17.39,0,0,0,0,0,0.54,0.54,0,0,0,0,0,0,0,0,0.54,1.09,0,0.54,0,0,0,0,0.54
"BB16primeMineral.16S.S16",1.73,0,0,0,0,0,1.73,0,0,0,0,0,0,8.93,1.73,2.59,0,0,0,0,0,39.48,0,0,0,0,0,0,0,2.31,0,0,0,0,0,0,0,0,0.29,0,0.58,0.29,0,0,0.29,0
"BB16primeOrganic.16S.S17",0,0,0,0,0,0,0,0,0,0,0,0,0,4.98,0,1.37,0,0,0,0,0.17,28.69,0,0,0,0,0,0,0,0.17,0,0,0,0,0,0,0,0.17,1.03,0,1.2,0.17,0,0,0.34,0.17
"BB16primeOuter.16S.S17",0,0,0,0,0,0,0,0,0,0,0,0,0,0.42,0,19.33,0,0,0,0,5.04,41.18,0,0,0,0,0,3.78,3.78,0,0,0,0.42,0,0,0,0,3.78,0,0,0,0.84,0,0,0,0
"BB3Inner.16S.S18",0.85,0,0,0,0,0.85,0,0,0,0,0,0,0,0,0,9.32,0,0,0,0,3.39,44.92,0,0,0,0,0,1.69,1.69,0,0,0,0,0,0,0,0,2.54,0,0,0.85,0,0,0,0.85,0.85
"BB3Mineral.16S.S18",0.98,0,0,0,0,0,0.98,0,0,0,0,0,0,10.49,0.98,4.92,0,0,0,0,0,40.33,0,0,0,0,0,0,0,2.3,0,0,0,0,0,0,0,0.33,0.66,0,0,0.66,0,0,0,0
"BB3Organic.16S.S18",0,0,0,0,0,0,0,0,0,0,0,0,0,2.86,0,3.08,0,0,0,0,0,32.16,0,0,0,0,0,0,0,0.66,0,0,0,0,0,0.22,0,0,0.88,0,0.88,0.44,0,0,0,0
"BB5Mineral.16S.S19",1.69,0,0,0,0,0,1.69,0,0,0,0,0,0,11.49,2.03,3.72,0,0,0,0,0,43.24,0,0,0,0,0,0,0,2.03,0,0,0,0,0,0,0,0.34,0.34,0,1.01,0,0,0,0,0
"BB5Organic.16S.S19",0.17,0,0,0,0,0,0.17,0.17,0,0,0,0,0,4.64,0.17,2.41,0,0,0,0,0,33.68,0,0,0,0,0,0.17,0,0.34,0,0,0,0,0,0,0.17,0,1.03,0,0.86,0.52,0,0,0,0
"BB5Outer.16S.S19",0,0,0,0,0,0,0,0,0,0,0,0,0,0.74,0,19.85,0,0,0,0,2.94,50,0,0,0,0,0,1.47,1.47,0,0,0,0,0,0,0,0,1.47,0,0,0.74,0,0,0,0,0
"BB6Inner.16S.S19",0.88,0,0,0,0,0.88,0,0,0,0,0,0,0,0,0,0.88,0,0,0,0,1.75,53.51,0,0,0,0,0,0.88,0.88,0.88,0,0,0,0,0,0,0,0.88,0.88,0,0,0,2.63,0,0,0.88
"BB6Mineral.16S.S20",1.88,0,0,0,0,0,1.88,0,0,0,0,0,0,8.58,1.88,1.88,0,0,0,0,0,31.1,0,0,0,0,0,0,0,1.61,0,0,0,0,0,0,0,0.54,0.8,0,0.8,0.54,0,0,0,0
"BB6Organic.16S.S20",0.15,0,0,0,0,0,0.15,0.15,0,0,0,0,0,4.76,0.15,3.57,0,0,0,0,0,30.36,0,0,0,0,0,0,0,1.19,0,0,0,0,0,0,0.15,0.15,0.89,0,0.74,0.89,0,0,0.3,0
"BB7Inner.16S.S20",0,0,0,0,0,0,0,0,0,0,0,0,0,0,0,0,0,0,0,0,28.71,12.44,0,0,0,0,0,0,0,0,0,0,0,0,0,0,0,0,0,0,0,0,0,0,0.48,0
"BB7Mineral.16S.S20",1.25,0,0,0,0,0,1.25,0.31,0,0,0,0,0,11.6,1.25,4.08,0,0,0,0,0,38.56,0,0,0.31,0,0,0.63,0,1.57,0,0,0,0,0,0,0.31,0.31,1.57,0,0,0,0,0,0,0
"BB7Organic.16S.S21",0,0,0,0,0,0,0,0,0,0,0,0,0,3.02,0,1.1,0,0,0,0,0.27,29.4,0,0,0,0,0,0,0,0.55,0,0,0,0,0,0,0,0,1.65,0,0.27,0.55,0,0,0.27,0
"BB8Inner.16S.S21",0.25,7.84,1.47,9.31,0,0.25,1.47,0,0,0,0,0,0,8.09,0,1.96,0,0,0,0,17.65,13.48,0,0,0,0,0,0,0,0,0,0,0,0,0,0,0,0,0.25,0,0,0,0,0,0,0.25
"BB8Mineral.16S.S21",1.13,0,0,0,0,0,1.13,0,0,0,0,0,0,9.91,1.13,2.7,0,0,0,0,0,35.36,0,0,0,0,0,0,0,1.58,0,0,0,0,0,0,0.23,0,0.45,0,0.45,0.23,0,0,0.23,0
"BB8Organic.16S.S21",0.33,0,0,0,0,0,0.33,0,0,0,0,0,0,4.28,0.33,0.99,0,0,0,0,0,24.01,0,0,0.33,0,0,0.33,0,0.66,0,0,0,0,0,0,0,0,0.99,0,1.64,0.33,0,0,0.33,0
"BB8Outer.16S.S22",0.31,0,0.31,0.31,0,0.31,0.31,0,0,0,0,0,0,0.62,0,16.56,0,0,0,0,2.81,37.19,0,0,0,0,0,0,0,0,0,0,0,0,0,0,0,0,0.31,0,0,0,0.31,0,0.94,0.31
"BB9Inner.16S.S22",0,0.48,0,0.48,0,0,0,0,0,0,0,0,0,0.48,0,0.48,0,0,0,0,4.78,15.31,0,0,0,0,0,0.48,0.48,0,0,0,0,0,0,0,0,0.48,0.48,0,0,0,0,0,0,0
"BB9Mineral.16S.S22",0.52,0,0,0,0,0,0.52,0,0,0,0,0,0,8.14,0.52,1.05,0,0,0,0,0,31.23,0,0,0,0,0,0,0,1.05,0,0,0,0,0,0,0,0,1.84,0,0.79,0.26,0,0,0.52,0
"BB9Organic.16S.S22",0.14,0,0,0,0,0,0.14,0,0,0,0,0,0,4.56,0.14,2.56,0,0,0,0,0.14,29.63,0,0,0,0,0,0,0,0.28,0,0,0,0,0,0,0,0.14,0.28,0,0.28,0.28,0,0,0.14,0
"BB9Outer.16S.S22",0,2.38,1.19,3.57,0,0,1.19,0,0,0,0,0,0,2.38,0,0,0,0,0,0,3.57,75,0,0,0,0,0,1.19,1.19,0,0,0,0,0,0,0,0,1.19,0,0,0,0,0,0,0,0
"BBGT1Inner.16S.S23",0.7,0,0,0,0,0.7,0,0,0,0,0,0,0,1.05,0,2.1,0,0,0,0,9.44,25.87,0,0,0,0,0,0.35,0.35,0,0,0,0,0,0,0,0,0.35,0,0,0.35,0,0.35,0,0,0.7
"BBGT1Mineral.16S.S23",0,0,0,0,0,0,0,0.52,0,0,0,0,0,14.51,0.26,1.3,0,0,0,0,0,27.72,0,0,0,0,0,0,0,1.55,0,0,0.26,0,0,0,0,0,0.52,0,0.52,0.26,0,0,0.26,0
"BBGT1Organic.16S.S23",0,0,0,0,0,0,0,0.36,0,0,0,0,0,12.7,0.72,0.54,0,0,0,0,0.36,32.2,0,0,0.18,0,0,0.18,0,3.22,0,0.18,1.07,0.18,0,0,0,0,1.25,0,1.07,0.36,0,0,0,0.36
"BBGT1Outer.16S.S23",0,0,0,0,0,0,0,0,0,0,0,0,0,0,0,11.02,0,0,0,0,3.94,42.52,0,0,0,0,0,0.79,0.79,0.79,0,0,0,0,0,0,0,0.79,0,0,0,0,0,0,0,0
"BBX1Inner.16S.S23",0.63,0.63,0,0.63,0,0.63,0,0,0,0,0,0,0,5.66,0,1.26,0,0,0,0,9.43,44.65,0,0,0,0,0,6.92,6.92,0,0,0,0,0,0,0,0,6.92,0,0,0.63,0,0,0,0,0.63
"BBX1Mineral.16S.S24",0,0,1.06,1.06,0,0,1.06,0.7,0,0,0,0,0,11.97,0.35,1.06,0,0,0,0,0,23.94,0,0,0,0,0,0,0,1.41,0,0,0.35,0,0,0,0,0.35,0.35,0,0.7,0,0,0,0,0
"BBX1Organic.16S.S24",0,0,0,0,0,0,0,0.2,0,0,0,0,0,14.34,1.39,0.4,0,0,0,0,0.4,32.47,0,0,0.2,0,0,0.2,0,1.59,0,0,0.8,0,0,0,0,0.2,0.6,0,1,0.4,0,0,0,0.2
"BBX1Outer.16S.S24",1.4,0,0,0,0,0.7,0,0,0,0,0,0,0,0.35,0.7,2.46,0,0,0,0,0.7,25.26,0,0,0,0,0,0,0,0.35,0,0,0.35,0,0,0,0,0,0,0,1.75,0.7,4.56,0,0,0.7
"BBX6Inner.16S.S24",0.81,0,0,0,0,0.81,0,0,0,0,0,0,0,4.84,0,0,0,0,0,0,33.87,28.23,0,0,0,0,0,0,0,0,0,0,0,0,0,0,0,0,0,0,0,0,0,0,0,0.81
"BBX6Mineral.16S.S24",0,0,0,0,0,0,0,1.43,0,0,0,0,0,9.32,0.36,1.08,0,0,0,0,0,20.79,0,0,0,0,0,0,0,1.43,0,0,0.36,0,0,0,0,0,0.72,0,0,0,0,0,0.36,0
"BBX6Organic.16S.S25",0,0,0,0,0,0,0,1.21,0,0,0,0,0.17,11.76,0.87,0.69,0,0,0,0,0.52,32.01,0,0,0,0,0,0,0,4.5,0,0,0.35,0,0,0,0.17,0,0.35,0,0.69,0,0,0,0.35,0.17
"BBX6Outer.16S.S25",0,0,0,0,0,0,0,0,0,0,0,0,0,4.76,0,1.59,0,0,0,0,4.76,49.21,0,0,0,0,0,0,0,0,0,0,0,0,0,0,0,0,1.59,0,0,0,0,0,0,0
"BBX7Inner.16S.S25",1.37,0,0,0,0,1.37,0,0,0,0,0,0,0,2.74,0,0.68,0,0,0,0,39.04,26.03,0,0,0,0,0,0,0,0.68,0,0,0,0,0,0,0,0,0,0,0.68,0,0,0,1.37,1.37
"BBX7Mineral.16S.S25",0,0,0,0,0,0,0,0.63,0,0,0,0,0,15.24,0.32,1.27,0,0,0,0,0.32,25.4,0,0,0,0,0,0,0,1.59,0,0,0.32,0,0,0,0,0,1.27,0,0.32,0.63,0,0,0.32,0
"BBX7Organic.16S.S25",0,0,0,0,0,0,0,0.15,0,0,0,0,0,11.83,0.77,0.77,0,0,0,0,1.08,35.48,0,0,0.15,0,0,0.31,0,2.61,0,0.15,0.46,0.15,0,0,0.31,0.31,0.92,0,0.61,0.15,0,0,0.15,0.15
"BBX7Outer.16S.S26",1.79,0,0,0,0,0.89,0.89,0,0,0,0,0,0,0,0.89,0,0,0,0,0,3.57,41.07,0,0,0,0,0,2.68,2.68,0.89,0,0,1.79,0,0,0,0,2.68,0,0,0.89,0,0.89,0,0.89,0.89
"BC1Mineral.16S.S26",1,0,0,0,0,0,1,0,0,0,0,0,0,8.64,1,1.66,0,0,0,0,0,41.2,0,0,0,0,0,0.33,0,0.66,0,0,0,0,0,0.33,0,0,2.33,0,0,0.33,0,0,0,0
"BC1Organic.16S.S26",0,0,0,0,0,0,0,0,0,0,0,0,0,2.16,0,8.47,0,0,0,0,0,30.23,0,0,0,0,0,0.17,0,0.33,0,0,0,0,0,0.33,0,0,0.83,0,0.33,0.66,0,0,0,0
"BC1Outer.16S.S26",0,0,0,0,0,0,0,0,0,0,0,0,0,0,0,0,0,0,0,0,27.78,61.11,0,0,0,0,0,16.67,16.67,0,0,0,0,0,0,0,0,16.67,0,0,0,0,0,0,0,0
"BC2Inner.16S.S26",0.53,0,0,0,0,0.53,0,0,0,0,0,0,0,1.6,0,4.81,0,0,0,0,13.9,31.55,0,0,0,0,0,0.53,0.53,0,0,0,1.07,0,0,0,0,0.53,0.53,0,1.07,0.53,0.53,0,0,0.53
"BC2Mineral.16S.S27",0,0,0,0,0,0,0,0,0,0,0,0,0,2.96,0,5.93,0,0,0,0,0,29.63,0,0,0,0,0,0,0,0.74,0,0,0,0,0,0.74,0,0,1.48,0,0.74,0.74,0,0,0,0
"BC2Organic.16S.S27",0,0,0,0,0,0,0,0,0,0,0,0,0,2.07,0,5.99,0,0,0,0,0,35.25,0,0,0,0,0,0,0,0.23,0,0,0,0,0,0.23,0,0,0.92,0,0.69,0.92,0,0,0,0
"BC2Outer.16S.S27",0,0,0,0,0,0,0,0,0,0,0,0,0,1.98,0,10.48,0,0,0,0,0.57,37.96,0,0,0,0,0,0.57,0.57,0,0,0,1.13,0,0,0,0,0.57,0,0,1.7,0.28,0,0,0,0
"BC4Inner.16S.S27",0,0,0,0,0,0,0,0,0,0,0,0,0,3.01,1.2,0.6,0,0,0,0,13.86,50,0,0,0,0,0,6.63,6.63,0,0,0,1.81,0,0,0,0,6.63,0,0,0,0,0,0,0,0
"BC4Mineral.16S.S27",0.62,0,0,0,0,0,0.62,0,0,0,0,0,0,6.23,0.62,2.18,0,0,0,0,0,32.71,0,0,0,0,0,0,0,1.87,0,0,0,0,0,0,0,0.31,1.25,0,0.31,0.31,0,0,0,0
"BC4Organic.16S.S28",0,0,0,0,0,0,0,0,0,0,0,0,0,1.65,0,6.2,0,0,0,0,0,33.47,0,0,0,0,0,0,0,0.21,0,0,0,0,0,0.21,0,0,0.62,0,0.21,0.62,0,0,0,0
"BC4Outer.16S.S28",0,0,0,0,0,0,0,0,0,0,0,0,0,0,0,0,0,0,0,0,4.08,81.63,0,0,0,0,0,4.08,4.08,0,0,0,0,0,0,0,0,4.08,0,0,0,0,0,0,0,0
"BO1Inner.16S.S28",0,0,0,0,0,0,0,0,0,0,0,0,0,0.85,0.85,0,0,0,0,0,0.85,19.49,0,0,0,0,0,0.85,0.85,0,0,0,0,0,0,0,0,0.85,0,0,0,0,0.85,0,0,0
"BO1Mineral.16S.S28",2.17,0,0,0,0,0,2.17,0.27,0,0,0,0,0,5.43,2.17,1.36,0,0,0,0,0,28.8,0,0,0,0,0,0,0,1.9,0,0,0,0,0,0,0,0,1.63,0,0.54,0.82,0,0,0.27,0
"BO1Organic.16S.S28",0,0,0,0,0,0,0,0,0,0,0,0,0,3.52,0,0.88,0,0,0,0,0,34.36,0,0,0,0,0,0,0,0.88,0,0,0,0,0,0,0.44,0,2.2,0,0.44,1.76,0,0,0.44,0
"BO1Outer.16S.S29",1.91,0,0,0,0,1.91,0,0,0,0,0,0,0,0.64,0,4.46,0,0,0.64,0,1.91,35.03,0,0,0,0,0,0.64,0.64,0,0,0,1.27,0,0,0,0,0.64,0,0,0.64,0,2.55,0,0.64,1.91
"CUL8RInner.16S.S29",0,1.05,0,0.53,0,0,0,0,0,0,0,0,0,1.05,0,0,0,0,0,0,23.68,13.16,0,0,0.53,0,0,1.05,0.53,0,0,0,0.53,0,0,0,0.53,0.53,0,0,0,0,0,0,0,0
"CUL8RMineral.16S.S29",0,1.22,0,0.61,0.61,0,0,0.61,0,0,0,0,0,4.27,0,0.61,0,0,0,0,0.61,15.24,0,0,0,0,0,0,0,1.83,0,0,1.22,0,0,0,0,0.61,1.83,0,1.22,0,0,0,0.61,0
"CUL8ROrganic.16S.S29",0,0,0,0,0,0,0,0,0,0.29,0,0,0,4.32,0.58,0.29,0,0,0,0,0.29,24.21,0,0,0,0,0,0,0,0.58,0,0,1.15,0,0,0,0,0.29,0.29,0,0.86,0.58,0,0,0.29,0.29
"CUL8ROuter.16S.S29",0,0,0,0,0,0,0,0,0,0,0,0,0,0,0,0,0,0,0,0,1.03,18.56,0,0,0,0,0,0,0,0,0,0,0,0,0,0,0,0,0,0,0,0,0,0,0,0
"H101Inner.16S.S30",1.14,0,0,0,0,1.14,0,0,0,0,0,0,0,3.41,0,0,0,0,0,0,60.23,26.14,0,0,0,0,0,0,0,0,0,0,0,0,0,0,0,0,0,0,0,0,0,0,0,1.14
"H101Mineral.16S.S30",2.25,0,0,0,0,0,2.25,0.32,0,0,0,0,0,9.97,2.25,2.89,0,0,0,0,0,33.12,0,0,0,0,0,0,0,2.57,0,0,0,0,0,0,0,0.32,1.29,0,0,0.32,0,0,0,0.32
"H101Organic.16S.S30",0,0,0,0,0,0,0,0,0,0,0,0,0,2.27,0,1.89,0,0,0,0,0,16.29,0,0,0,0,0,0,0,0.76,0,0,0,0,0,0,0.38,0,0,0,0.38,0.38,0,0,0.38,0
"H101Outer.16S.S30",1.78,0,0,0,0,1.78,0,0,0,0,0,0,0,13.33,0,1.33,0,0,0,0,1.33,42.22,0,0,0,0,0,0.44,0.44,0,0,0,0,0,0,0,0,0.44,0.44,0,1.33,0,0,0,0,1.78
"H102Inner.16S.S31",0,0,0,0,0,0,0,0,0,0,0,0,0,0,0,0.63,0,0,0,0,34.81,15.82,0,0,0,0,0,0,0,0,0,0,0,0,0,0,0,0,0,0,0.63,0,0,0,0,0
"H102Mineral.16S.S31",0.45,0,0,0,0,0,0.45,0,0,0,0,0,0,10.09,0.45,5.83,0,0,0,0,0.45,36.1,0,0,0,0,0,0,0,2.91,0,0,0,0,0,0.22,0,0.45,1.57,0,0.45,0.45,0,0,0.22,0
"H102Organic.16S.S31",0,0,0,0,0,0,0,0,0,0,0,0,0,2.69,0,2.31,0,0,0,0,0,33.85,0,0,0,0,0,0,0,0.77,0,0,0,0,0,0,0.38,0,1.15,0,1.54,0.77,0,0,0,0
"H102Outer.16S.S31",0,0,0,0,0,0,0,0,0,0,0,0,0,0.64,0,4.81,0,0,0,0,11.86,27.56,0,0,0,0,0,0,0,0.32,0,0,0,0,0,0,0,0,0.32,0,0.96,0,0.96,0,0,0
"H103Inner.16S.S31",0,0,0.69,0.69,0,0.35,0.69,0,0,0,0,0.35,0,11.46,0,0.35,0,0,0,0,12.5,23.26,0,0,0,0,0,0,0,0.35,0,0,0.35,0,0,0,0,0,1.39,0,0.69,0.69,0,0.35,0.35,0
"H103Mineral.16S.S32",2.64,0,0,0,0,0,2.64,0.29,0,0,0,0,0,10.85,2.64,1.76,0,0,0,0,0,34.9,0,0,0,0,0,0,0,3.81,0,0,0,0,0,0,0,0.29,0.59,0,0,0.29,0,0,0.29,0
"H103Organic.16S.S32",0,0,0,0,0,0,0,0,0,0,0,0,0,4.74,0,2.74,0,0,0,0,0,23.69,0,0,0,0,0,0,0,0.5,0,0,0,0,0,0.25,0.25,0,0.75,0,1.5,1,0,0,0.5,0
"H103Outer.16S.S32",0,0,0,0,0,0,0,0,0,0,0,0,0,0,0,1.25,0,0,0,0,0,45,0,0,0,0,0,0,0,0,0,0,0,0,0,0,0,0,0,0,0,0,2.5,0,0,0
"H104Mineral.16S.S32",2.23,0,0,0,0,0,2.23,0,0,0,0,0,0,9.11,2.23,2.02,0,0,0,0,0.2,28.34,0,0,0,0,0,0,0,2.83,0,0,0,0,0,0,0,0.4,1.01,0,0,0.2,0,0,0.2,0.4
"H104Organic.16S.S32",0,0,0,0,0,0,0,0,0,0,0,0,0,8.02,0,2.78,0,0,0,0,0,23.77,0,0,0,0,0,0,0,1.54,0,0,0,0,0,0.31,0,0,0.31,0,0.62,0,0,0,0.31,0
"H2Inner.16S.S33",0,0,0,0,0,0,0,0,0,0,0,0,0,1.76,0,0.59,0,0,0,0,8.82,14.71,0,0,0,0,0,0.59,0,0,0,0,0,0,0,0,0.59,0,0,0,0.59,0,0,0,0,0
"H2Mineral.16S.S33",0.34,0,2.41,2.41,0,0,2.41,0,0,0,0,0,0,1.72,0,3.09,0,0,0,0,0.69,14.09,0,0,0,0,0,0,0,0.34,0,0,0,0,0,0.34,0,0.34,1.37,0,0,0.34,0,0,0,0
"H2Organic.16S.S33",0,0,0,0,0,0,0,0,0,0,0,0,0,2.22,0,4.07,0,0,0,0,0,25.19,0,0,0,0,0,0,0,0,0,0,0,0,0,0.37,0,0,1.11,0,0.37,0.74,0,0,0,0
"H2Outer.16S.S33",0.81,0,0,0,0,0.81,0,0,0,0,0,0,0,0,0,0,0,0,0,0,1.63,31.71,0,0,0,0,0,0,0,0,0,0,0,0,0,0,0,0,0,0,0,0,0,0,0,0.81
"H3Inner.16S.S34",0,0,0,0,0,0,0,0,0,0,0,0,0,1.31,0,1.31,0,0,0,0,12.42,24.18,0,0,0,0,0,0,0,0,0,0,0,0,0,0,0,0,1.96,0,0,0,0,0,0,0.65
"H3Outer.16S.S34",0,0,0,0,0,0,0,0,0,0,0,0,0,1.06,0,1.06,0,0,0,0,1.06,30.69,0,0,0,0,0,1.59,0.53,0,0,0,0,0,0,0,1.06,0.53,0,0,0.53,0,0,0,0,0
"H301Inner.16S.S33",0.72,0,0,0,0,0.72,0,0,0,0,0,0,0,1.45,0,2.17,0,0,0,0,24.64,32.61,0,0,0,0,0,1.45,1.45,1.45,0,0,2.17,0,0,0,0,1.45,0,0,0,0,0,0,0,0.72
"H301Mineral.16S.S34",1.1,0,0,0,0,0,0.82,0,0,0,0,0,0,2.47,0.82,6.87,0,0,0,0,0,27.47,0,0,0,0,0,0,0,0.27,0,0,0,0,0,0,0,0,3.3,0,1.65,0.27,0,0,0,0
"H301Organic.16S.S34",0,0,0,0,0,0,0,0,0,0,0,0,0,2.31,0,2.6,0,0,0,0,0,36.99,0,0,0,0,0,0,0,0.87,0,0,0,0,0,0.29,0,0,0,0,0.87,0.58,0,0,0,0
"H301Outer.16S.S34",0.51,0,0,0,0,0.51,0,0,0,0,0,0,0,1.01,0,7.58,0,0,0,0,14.14,32.32,0,0,0,0,0,0.51,0.51,0,0,0,0,0,0,0,0,0.51,0,0,0,0,0,0,0,0.51
"H4Inner.16S.S35",0,0,0,0,0,0,0,0,0,0,0,0,0,0,0,1.72,0,0,0,0,16.38,25,0,0,0,0,0,0,0,0,0,0,0,0,0,0,0,0,0,0,0,0.86,0,0,0,0
"H4Organic.16S.S35",0,0.82,0,0.82,0,0,0,0,0,0,0,0,0,1.64,0,1.64,0,0,0,0,0.82,12.3,0,0,0,0,0,0,0,0,0,0,0,0,0,0.82,0,0,1.64,0,1.64,0.82,0,0,0,0
"H4Outer.16S.S35",0,0,0,0,0,0,0,0,0,0,0,0,0,0.67,0,2.67,0,0,0,0,0.67,27.33,0,0,0,0,0,0.67,0.67,0,0,0,0,0,0,0,0,0.67,0.67,0,0.67,0.67,0,0,0,0
"H5Inner.16S.S35",0,0,0,0,0,0,0,0,0,0,0,0,0,0,0,0.67,0,0,0,0,12,16,0,0,0,0,0,0.67,0.67,0,0,0,0,0,0,0,0,0.67,0,0,0,0,0,0,0,0
"H5Mineral.16S.S35",5.05,0,0,0,0,0,5.05,0.27,0,0,0,0,0,9.57,5.05,2.13,0,0,0,0,0,32.98,0,0,0,0,0,0,0,2.66,0,0,0,0,0,0,0,0,0,0,0.27,0.53,0,0,0,0
"H5Organic.16S.S36",0.61,0,0.61,0.61,0,0,0.61,0,0,0.61,0,0,0,2.44,0,3.05,0,0,0,0,0.61,18.9,0,0,0,0,0,0,0,0,0,0,0,0,0,0.61,0,0,1.22,0,1.22,0.61,0,0,0,0
"H5Outer.16S.S36",0,0,0,0,0,0,0,0,0,0,0,0,0,0.64,0,0.64,0,0,0,0,0.64,23.72,0,0,0,0,0,0.64,0.64,0,0,0,0,0,0,0,0,0.64,0,0,0,0,0.64,0,0,0
"H8Organic.16S.S36",0,0,0,0,0,0,0,0,0,0,0,0,0,2.44,0,3.67,0,0,0,0,0,22.98,0,0,0,0,0,0,0,0,0,0,0,0,0,0.24,0,0,0.73,0,0.73,0.73,0,0,0.49,0
"H9Inner.16S.S36",0.98,0,0,0,0,0.98,0,0,0,0,0,0,0,0,0,0,0,0,0,0,15.61,17.56,0,0,0,0,0,0,0,0,0,0,0,0,0,0,0,0,0.98,0,0.98,0,1.95,0,0,1.46
"H9Mineral.16S.S36",5.43,0,0,0,0,0,5.43,0,0,0,0,0,0,7.83,5.43,5.87,0,0,0,0,0,30.65,0,0,0,0,0,0,0,2.39,0,0,0,0,0,0,0,0.22,1.52,0,0.43,0.22,0,0,0.22,0
"H9Organic.16S.S37",0,0,0,0,0,0,0,0,0,0,0,0,0,2.6,0,6.77,0,0,0,0,0,30.73,0,0,0,0,0,0,0,0.26,0,0,0,0,0,0.52,0,0,1.3,0,0.26,0.78,0,0,0,0
"HM104Inner.16S.S14",0,0,0,0,0,0,0,0.55,0,0.55,0,0,0,0.37,0,0.92,0.18,0,0,0,51.02,7.95,0,0.18,0.18,0.18,0,0.55,2.4,7.02,0.18,0,0,0,0,0,0.55,5.36,0.18,0,0.18,0,0,0,0,0
"HM104Outer.16S.S14",0.45,0,0,0,0,0.45,0,0.45,0,0,0,0,0,0,0,1.35,0,0,0,0,39.46,11.66,0,0,0,0,0,0,0.45,1.79,0,0,0.9,0,0,0,0,1.79,0,0,0.45,0.45,0.45,0,0,0.45
"HM8Inner.16S.S14",0.47,0,0,0,0,0,0,0,0,0,0,0,0,0,0.47,0,0,0,0,0,45.28,4.72,0,0,0,0,0,0.47,1.42,4.25,0,0,0.47,0,0,0,0,4.25,0,0,0,0,0.47,0,0,0
"HM8Mineral.16S.S15",2.82,0,0,0,0,0,2.82,0,0,0,0,0,0,6.21,2.82,4.8,0,0,0,0,0.28,31.07,0,0,0,0,0,0,0,2.26,0,0,0,0,0,0,0,0.56,0.85,0,0.56,0.56,0,0,0,0
"HM8Outer.16S.S15",0,0,0,0,0,0,0,0,0,0.51,0,0,0,0,0,0.51,0.51,0,0,0,31.79,6.15,0,0,0,0,0,0,0.51,1.54,0,0,0.51,0,0,0,0.51,1.03,0.51,0,0,0,1.54,0,0.51,0
"HMX3Inner.16S.S15",0,0,0,0,0,0,0,0,0,0.46,0,0,0,0,0,0,0,0,0,0,35.94,5.99,0,0,0,0,0,0,0.46,2.76,0,0,0,0,0,0,0.46,1.84,0,0,0,0,0,0,0,0
"HMX3Outer.16S.S15",0,0,0,0,0,0,0,0,0,0.23,0,0,0,0,0,1.39,0,0,0,0,42.46,10.44,0,0,0,0,0,0,0.46,7.89,0,0,0,0,0,0,0.23,4.18,0,0,0,0,0,0,0,0
"HX2Inner.16S.S37",0,0,0,0,0,0,0,0,0,0,0,0,0,0,0,1.03,0,0,0,0,53.61,15.46,0,0,0,0,0,0,0,1.03,0,0,0,0,0,0,0,0,0,0,0,0,1.03,0,0,1.03
"HX2Mineral.16S.S37",0,0,0,0,0,0,0,0.45,0,0,0,0,0,16.85,0.9,1.12,0,0,0,0,0,30.34,0,0,0.22,0,0,0.22,0,2.25,0,0,0.22,0,0,0,0,0,0.45,0,0.22,0,0,0,0,0
"HX2Organic.16S.S37",0,0,0,0,0,0,0,0.38,0,0,0,0,0,10.69,0.38,0.38,0,0,0,0,0,28.63,0,0,0.38,0,0,0.38,0,1.91,0,0,1.91,0,0,0,0,0,1.53,0,1.91,0.38,0,0,0,0
"HX2Outer.16S.S38",0,0,0,0,0,0,0,0,0,0,0,0,0,0,0,1.32,0,0,0,0,25,34.21,0,0,0,0,0,0,0,0,0,0,0,0,0,0,0,0,0,0,0,0,0,0,0,0
"HX3Mineral.16S.S38",0,0,0,0,0,0,0,0,0,0,0,0,0,9.96,0,1.99,0,0,0,0,0.8,24.7,0,0,0,0,0,0,0,1.99,0,0,0.8,0,0,0,0,0.4,1.59,0,0,0.4,0,0,0.4,0
"HX3Organic.16S.S38",0,0,0,0,0,0,0,0,0,0,0,0,0,2.82,0,1.21,0,0,0,0,0.4,16.94,0,0,0,0,0,0,0,0.81,0,0.81,0.81,0.81,0,0,0,0.4,1.61,0,2.02,1.21,0,0,0,0
"HX4Inner.16S.S38",0,0,0,0,0,0,0,0,0,0,0,0,0,0,0,0,0,0,0,0,23.23,12.26,0,0,0,0,0,0,0,0,0,0,0,0,0,0,0,0,1.29,0,0,0,0,0,0,0
"HX4Mineral.16S.S38",0,0,0,0,0,0,0,0.27,0,0,0,0,0,13.94,0.8,1.07,0,0,0,0,0.27,27.08,0,0,0,0,0,0,0,1.61,0,0,0.54,0,0,0.27,0,0,0.54,0,0.54,0.27,0,0,0,0
"HX4Organic.16S.S39",0,0,0,0,0,0,0,0,0,0,0,0,0,3.81,0,1.17,0,0,0,0,0,19.06,0,0,0,0,0,0,0,0.29,0,0,0.29,0,0,0,0,0,2.35,0,1.47,0.88,0,0,0,0
"HX4Outer.16S.S39",0,0,0,0,0,0,0,0,0,0,0,0,0,0,0,2.23,0,0,0,0,11.9,16.36,0,0,0,0,0,0,0,0,0,0,0,0,0,0,0,0,0,0,0,0.37,0,0,0,0
"HX5Inner.16S.S39",0,0,0,0,0,0,0,0,0,0,0,0,0,0.77,0.77,0,0,0,0,0,14.62,11.54,0,0,0,0,0,0,0,0.77,0,0,0,0,0,0,0,0,1.54,0,0.77,0,0,0,0,0
"HX5Outer.16S.S39",0,0,0,0,0,0,0,0,0,0,0,0,0,0,0,0.98,0,0,0,0,1.47,23.53,0,0,0,0,0,0.49,0.49,0,0,0,0,0,0,0,0,0.49,0.98,0,0.49,0,0,0,0,0
"HZ1Inner.16S.S39",0,0,0,0,0,0,0,0,0,0,0,0,0,0.62,0,0.62,0,0,0,0,27.33,17.39,0,0,0,0,0,0,0,0,0,0,0.62,0,0,0,0,0,0,0,0,0,0.62,0,0,0
"HZ1Mineral.16S.S40",0,0,0,0,0,0,0,0.27,0,0,0,0,0,9.46,1.35,0.54,0,0,0,0,0.81,32.43,0,0,0.27,0,0,0.27,0,1.89,0,0,1.89,0,0,0,0,0.27,1.08,0,2.16,1.08,0,0,0,0
"HZ1Organic.16S.S40",0,0.42,0,0.42,0,0,0,0,0,0,0,0,0,21.67,0.83,1.67,0,0,0,0,0,35,0,0,0,0,0,0,0,1.25,0,0,0.42,0,0,0,0,0,0,0,0,0,0,0,0.42,0.42
"HZ1Outer.16S.S40",0,0,0,0,0,0,0,0,0,0,0,0,0,2.7,4.05,1.35,0,0,0,0,8.11,31.08,0,0,0,0,0,6.76,6.76,0,0,0,0,0,0,0,0,6.76,0,0,0,0,0,0,0,0
"ML2Inner.16S.S40",0,0,0,0,0,0,0,0,0,0,0,0.67,0,10.74,1.01,1.01,0,0,0.34,0,0.34,45.97,0,0,0,0,0,0,0,0,0,0,0.34,0,0,0,0,0,0.67,0,0,0,0,0.67,2.01,0.34
"ML2Mineral.16S.S40",3.9,0,0,0,0,0,3.9,0.24,0,0,0,0,0,7.32,3.9,3.66,0,0,0,0,0,32.2,0,0,0,0,0,0,0,1.95,0,0,0,0,0,0,0,0.49,0.98,0,0.24,0,0,0,0,0.24
"ML2Organic.16S.S41",0,0,0,0,0,0,0,0,0,0,0,0,0,2.95,0,1.8,0,0,0,0,0,27.5,0,0,0,0,0,0,0,0.16,0,0,0,0,0,0,0,0,0.49,0,0.33,0.82,0,0,0.16,0
"ML2Outer.16S.S41",0,0,0,0,0,0,0,0,0,0,0,0.34,0,9.22,1.37,0.34,0,0,0.68,0.34,0.68,44.37,0,0,0,0,0,0,0,0.34,0,0,0,0,0,0,0.34,0,0,0,0,0.34,1.02,0.34,1.37,0.34
"MLGPInner.16S.S41",0.31,0,0,0,0,0.31,0,0,0,0,0,0,0,0.31,0,1.25,0,0,0,0,0.31,27.9,0,0,0,0,0,0.31,0.31,0,0,0,0,0,0,0,0,0.31,0,0,0.94,0.31,0.31,0,1.25,0.31
"MLGPMineral.16S.S41",1.66,0,0,0,0,0,1.66,0,0,0,0,0,0,8.32,1.66,2.08,0,0,0,0,0,26.4,0,0,0,0,0,0,0,0.42,0,0,0,0,0,0,0,0,2.91,0,0.62,0.42,0,0,0.42,0.21
"MLGPOrganic.16S.S41",0,0,0,0,0,0,0,0,0,0,0,0,0,2.59,0,4.24,0,0,0,0,0,37.88,0,0,0,0,0,0,0,0,0,0,0,0,0,0.24,0,0,1.18,0,0.24,0.94,0,0,0,0
"MLGPOuter.16S.S42",0,0,0,0,0,0,0,0,0,0,0,0,0,0.67,0,2,0,0,0,0,0,29.33,0,0,0,0,0,0,0,0,0,0,0,0,0,0,0,0,0,0,0.33,0,0.33,0,1,0
"PB1Inner.16S.S42",0,0.6,0,0.6,0,0,0,0,0,0.6,0,0,0,0.6,0,3.57,0,0,0,0,17.26,30.95,0,0,0,0,0,0.6,0,5.95,0,0,5.95,0,0,0,0.6,0,1.19,0,0,0,0,0,0,0
"PB1Mineral.16S.S42",2.75,0,0,0,0,0,2.75,0,0,0,0,0,0,8.45,2.75,3.54,0,0,0,0,0,37.52,0,0,0,0,0,0,0,3.54,0,0,0,0,0,0,0,0.39,0.59,0,0.2,0.59,0,0,0.2,0
"PB1Organic.16S.S42",0.18,0,0,0,0,0,0.18,0,0,0,0,0,0,4.99,0.18,1.78,0,0,0,0,0,25.49,0,0,0,0,0,0,0,1.07,0,0,0,0,0,0.18,0,0,1.25,0,0.71,0.53,0,0,0.36,0
"PB1Outer.16S.S42",0,0,0,0,0,0,0,0,0,0,0,0,0,0,0,3.12,0,0,0,0,20,28.12,0,0,0,0,0,0.62,0,7.5,0,0,6.88,0,0,0,0.62,0,0,0,0,0,0,0,0,0
"PB2Inner.16S.S43",0,0,0.98,0.98,0,0,0.98,0,0,0,0,0,0,1.96,0,0,0,0,0,0,19.12,16.67,0,0,0,0,0,0.49,0,0.49,0,0,0,0,0,0,0,0,0.98,0,0,0,0,0,0,0
"PB2Mineral.16S.S43",4.33,0,0,0,0,0,4.33,0,0,0,0,0,0,10.94,4.58,5.34,0,0,0,0,0.51,40.46,0,0,0,0,0,0,0,4.07,0,0,0,0,0,0,0,0.25,1.27,0,0.25,0.76,0,0,0,0
"PB2Organic.16S.S43",0,0,0,0,0,0,0,0,0,0,0,0,0,6.05,0,1.25,0,0,0,0,0,29.85,0,0,0,0,0,0,0,0.63,0,0,0,0,0,0,0,0,1.88,0,1.25,0.21,0,0,0,0
"PB2Outer.16S.S43",0.85,0,0,0,0,0.85,0,0,0,0,0,0,0,0,0.85,1.71,0,0,0,0,13.68,35.04,0,0,0,0,0,0,0,0.85,0,0,0,0,0,0,0,0,0,0,0,0,1.71,0,0,0.85
"PB3Inner.16S.S43",0,0,0,0,0,0,0,0,0,0,0,0,0,0,0,0,0,0,0,0,30.51,9.19,0,0,0,0,0,0,0,0,0,0,0.74,0,0,0,0,0,0.37,0,0.74,0.37,0,0,0,0
"PB3Mineral.16S.S44",2.8,0,0,0,0,0,2.8,0,0,0,0,0,0,9.53,2.99,3.18,0,0,0,0,0,37.38,0,0,0,0,0,0,0,3.55,0,0,0,0,0,0,0,0.37,0.75,0,0.75,0.37,0,0,0,0
"PB3Organic.16S.S44",0,0,0,0,0,0,0,0,0,0,0,0.17,0,3.17,0,4.84,0,0,0,0,0.17,28.55,0,0,0,0,0,0,0,0.5,0,0,0,0,0,0,0,0.17,1.34,0,0.5,0.5,0,0.17,0.17,0
"PB3Outer.16S.S44",0,0,0,0,0,0,0,0,0,0,0,0,0,0.62,0,0.62,0,0,0,0,1.25,27.5,0,0,0,0,0,0,0,0,0,0,0,0,0.62,0,0,0,0,0,0.62,0.62,2.5,0,0.62,0
"PB4Mineral.16S.S44",3.21,0,0,0,0,0,3.21,0,0,0,0,0,0,8.26,3.21,1.83,0,0,0,0,0.23,37.84,0,0,0,0,0,0.23,0,2.75,0,0,0,0,0,0,0,0.23,0.69,0,0.69,0.23,0,0,0,0
"PB4Organic.16S.S45",0,0,0,0,0,0,0,0,0,0,0,0,0,1.73,0,5.02,0,0,0,0,0.69,29.58,0,0,0,0,0,0,0,0.52,0,0,0,0,0,0.17,0,0.17,0.69,0,0.35,1.04,0,0,0,0
"PB5Inner.16S.S46",0,8.78,0,8.78,0,0,0,0,0,0,0,0,0,8.78,0,0,0,0,0,0,30.24,12.68,0,0,0,0,0,0,0,0,0,0,0,0,0,0,0,0,0,0,0,0,0,0,0,0
"PB5Mineral.16S.S46",1.92,0,0,0,0,0,1.92,0.27,0,0,0,0,0,9.89,1.92,2.75,0,0,0,0,0,42.03,0,0,0,0,0,0,0,1.92,0,0,0,0,0,0.27,0,0.27,0.82,0,0,0.27,0,0,0.27,0
"PB5Organic.16S.S46",0,0,0,0,0,0,0,0,0,0,0,0,0,2.77,0,5.14,0,0,0,0,0.2,34.39,0,0,0,0,0,0,0,0.2,0,0,0,0,0,0.2,0,0.2,0.59,0,0.59,0.2,0,0,0.2,0
"PB5Outer.16S.S46",0.42,0,0,0,0,0.42,0,0,0,0,0,0,0,0.83,0,11.67,0,0,0,0,1.67,40,0,0,0,0,0,0.83,0.83,0,0,0,0,0,0,0,0,0.83,0.83,0,0,0,0,0,0.83,0.42
"PB501Inner.16S.S45",0.65,0,0.65,0.65,0,0.65,0.65,0,0,0,0,0,0,0.65,0,0.65,0,0,0,0,18.95,17.65,0,0,0,0,0,0,0,0,0,0,0.65,0,0,0,0,0,0,0,0,0,0,0,0,0.65
"PB501Mineral.16S.S45",3.87,0,0,0,0,0,3.87,0.3,0,0,0,0,0,7.74,3.87,2.98,0,0,0,0,0,30.06,0,0,0,0,0,0,0,3.87,0,0,0,0,0,0,0,0.3,0.89,0,0,0.3,0,0,0.3,0
"PB501Organic.16S.S45",0,0,0,0,0,0,0,0,0,0,0,0,0,2.95,0,8.72,0,0,0,0,0,35.97,0,0,0,0,0,0,0,0.27,0,0,0,0,0,0.4,0,0,0,0,0.13,0.27,0,0,0.13,0
"PB501Outer.16S.S46",0.52,0,0,0,0,0.52,0,0,0,0,0,0,0,0,0,2.58,0,0,0,0,7.73,32.47,0,0,0,0,0,1.03,1.03,0.52,0,0,0.52,0,0,0,0,1.03,1.03,0,0,0,0.52,0,0,0.52
"RM1Inner.16S.S60",0,0,0,0,0,0,0,0,0,0,0,0,0,1.46,0,0.73,0,0,0,0,19.71,18.25,0,0,0,0,0,0,0,0,0,0,0,0,0,0,0,0,0,0,0,0,0,0,0.73,0
"RM1Mineral.16S.S60",0,0.36,0,0,0,0,0,0,0,0,0.71,0.36,0,1.42,0,1.07,0,0,0,0,8.9,18.15,0,0,0,0,0,0,0,3.91,0,0,2.49,0,0,0,0,0.71,0.71,0,0.71,0.71,0,0,0.36,0
"RM1Organic.16S.S60",0,0,0,0,0,0,0,0,0,0,0,0,0,6.1,0,1.59,0,0,0,0,0,29.71,0,0,0,0,0,0,0,0,0,0,0,0,0,0,0,0,1.06,0,0.27,1.33,0,0,0,0
"RM10Inner.16S.S59",0,0.49,0,0.49,0,0,0,0,0,0,0,0,0,1.47,0,0.98,0,0,0,0,16.67,34.31,0,0,0,0,0,0,0,0,0,0,0,0,0,0,0,0,1.47,0,1.96,0.49,0.49,0,0.49,0
"RM10Outer.16S.S59",0,0,0,0,0,0,0,0,0,0,0,0,0,1.54,0,1.15,0,0,0,0,0,24.62,0,0,0,0,0,0,0,0,0,0,0.38,0,0,0,0,0,1.54,0,1.54,0.38,0.77,0,0,0
"RM14Inner.16S.S16",0,0,0.22,0.22,0,0,0.22,0,0,0,0,0,0,3.12,0.89,0,0,0,0.22,0,5.13,34.38,0,0,0,0,0,0.22,0,1.34,0,0,0,0,0,0,0.45,0,1.34,0,0.45,0.45,0,0,0.67,0.45
"RM14Mineral.16S.S59",1.04,0,0,0,0,0,1.04,0,0,0,0,0,0,6.75,1.04,4.16,0,0,0,0,0,30.39,0,0,0,0,0,0,0,1.82,0,0,0,0,0,0,0,0,1.3,0,0.26,0,0,0,0.26,0
"RM14Organic.16S.S60",0,0,0,0,0,0,0,0,0,0,0,0,0,2.11,0,2.11,0,0,0,0,0,35.09,0,0,0,0,0,0,0,0.35,0,0,0,0,0,0.35,0,0,2.81,0,0.7,0.7,0,0,0.35,0
"RM14Outer.16S.S16",0.34,0,0.34,0.34,0,0.34,0,0,0,0,0,0,0,1.37,0.68,0.34,0.34,0,0,0,13.65,20.48,0,0,0,0,0,0,0,1.02,0,0,0.34,0,0,0,0,0.68,1.02,0,1.71,0,0.34,0,0,0.34
"RM2Inner.16S.S61",0.76,0,0,0,0,0.76,0,0,0,0,0,0,0,1.52,0,0,0,0,0,0,1.14,27.65,0,0,0,0,0,0,0,0,0,0,0.38,0,0,0,0,0,0.76,0,1.14,0,0,0,0,0.76
"RM2Mineral.16S.S61",0,0,0,0,0,0,0,0,0,0,0,0,0,1.9,0,2.22,0,0,0,0,0,18.41,0,0,0,0,0,0,0,0,0,0,0,0,0,0.32,0,0,1.59,0,0.95,0,0,0,0.32,0
"RM2Organic.16S.S61",0,0,0,0,0,0,0,0,0,0,0,0,0,1.09,0,3,0,0,0,0,0,28.61,0,0,0,0,0,0,0,0.27,0,0,0,0,0,0,0,0,1.63,0,1.09,1.09,0,0,0,0
"RM2Outer.16S.S61",0.7,0,0,0,0,0.7,0,0,0,0.35,0,0,0,1.05,0.35,0,0,0,0,0,0.35,27.37,0,0,0,0,0,0.7,0,0,0,0,1.05,0,0,0,0,0.35,0.7,0,0,0.35,0.35,0,0,1.05
"RM3Inner.16S.S16",0,0,0,0,0,0,0,0,0,0,0,0,0,4.63,0,1.07,0,0,0,0,14.23,19.57,0,0,0,0,0,0,0.36,2.49,0,0,0.71,0,0,0,0.36,0.36,1.42,0,1.78,0.36,1.07,0,0,0
"RM3Mineral.16S.S17",0.3,0,0,0,0,0,0.3,0,0,0,0,0,0,10.78,0.3,6.29,0,0,0,0,0.3,35.93,0,0,0,0,0,0,0,1.2,0,0,0,0,0,0,0,1.2,2.99,0,0.3,0.6,0,0,0.3,0
"RM3Organic.16S.S65",0,0,0,0,0,0,0,0,0,0,0,0,0,1.96,0,4.9,0,0,0,0,0,25.49,0,0,0,0,0,0,0,0.33,0,0,0,0,0,0,0,0,0.65,0,0.65,1.96,0,0,0,0
"RM3Outer.16S.S17",0.37,0,0,0,0,0.37,0,0,0,0,0,0,0,3.73,0.37,3.73,0,0,0,0,6.72,23.13,0,0,0,0,0,0,0,2.24,0,0,0.37,0,0,0,0,1.12,0.37,0,0.75,0.37,0.37,0,0,0.37
"RM301Mineral.16S.S62",4.31,0,0,0,0,0,4.31,0,0,0,0,0,0,8.89,4.31,1.62,0,0,0,0,0,33.15,0,0,0,0,0,0,0,2.7,0,0,0,0,0,0,0,0.27,0.81,0,0.27,0,0,0,0,0
"RM301Organic.16S.S62",0,0,0,0,0,0,0,0,0,0,0,0,0,2.51,0,2.51,0,0,0,0,0,36.36,0,0,0,0,0,0,0,0.63,0,0,0,0,0,0,0,0,2.19,0,0.94,0.94,0,0,0,0
"RM301AOuter.16S.S62",0,0,0,0,0,0,0,0,0,0,0,0,0,0,0.46,0.46,0,0,0,0,13.43,26.85,0,0,0,0,0,0,0,0,0,0.46,0,0.46,0,0,0,0,0,0,0,0,0,0,0,0
"RM301BInner.16S.S62",0,0,0,0,0,0,0,0,0,0,0,0,0,0,0,0.72,0,0,0,0,19.57,31.88,0,0,0,0,0,0,0,0,0,0,0,0,0,0,0,0,0.72,0,0,0,0.72,0,0,0
"RM301BOuter.16S.S62",0.46,0,0,0,0,0.46,0,0,0,0,0,0,0,0,0.92,0.92,0,0,0,0,12.84,25.69,0,0,0,0,0,0.46,0,0,0,0.46,0,0.46,0,0,0,0,0,0,0,0,0,0,0,0.92
"RM302Inner.16S.S63",0,0,0,0,0,0,0,0,0,0,0,0,0,0,0,3.26,0,0,0,0,2.72,28.26,0,0,0,0,0,2.17,1.63,0,0,0,1.09,0,0,0,0.54,1.63,0.54,0,1.09,0,0.54,0,0,0
"RM302Mineral.16S.S63",1.52,0,0,0,0,0,1.52,0,0,0,0,0,0,10.06,1.52,4.57,0,0,0,0,0,35.67,0,0,0,0,0,0,0,1.52,0,0,0,0,0,0,0.3,0.61,0.91,0,0.3,0,0,0,0,0
"RM302Organic.16S.S63",0,0,0,0,0,0,0,0,0,0,0,0,0,3.3,0,2.59,0,0,0,0,0.24,26.89,0,0,0,0,0,0,0,0.71,0,0,0,0,0,0,0,0,0.71,0,0.71,0.71,0,0,0.24,0
"RM302Outer.16S.S63",0.57,0,0,0,0,0.57,0,0,0,0,0,0,0,0.57,0,2.87,0,0,0,0,0.57,28.16,0,0,0,0,0,0.57,0.57,0,0,0,0.57,0,0,0,0,0.57,1.15,0,0,0,0.57,0,0,0.57
"RM303Mineral.16S.S64",0.56,0,0,0,0,0,0.56,0.56,0,0,0,0,0,9.55,0.56,2.81,0,0,0,0,0,37.64,0,0,0,0,0,0,0,1.69,0,0,0,0,0,0,0,0.56,1.12,0,0.56,0,0,0,0,0
"RM303Organic.16S.S64",0,0,0,0,0,0,0,0,0,0,0,0,0,4.8,0,1.2,0,0,0,0,0,27.63,0,0,0,0,0,0,0,0.6,0,0,0,0,0,0,0,0,2.1,0,0.3,1.2,0,0,0.3,0
"RM304Inner.16S.S64",0,0,6.86,6.86,0,0,6.86,0,0,0,0,0,0,0,0,0.49,0,0,0,0,9.8,11.76,0,0,0,0,0,0,0,0,0,0,0,0,0,0,0,0,0.49,0,0,0,0,0,0,0
"RM304Mineral.16S.S64",2.28,0,0,0,0,0,2.28,0,0,0,0,0,0,9.77,2.28,1.95,0,0,0,0,0.33,35.83,0.33,0,0,0,0,0,0,1.95,0,0,0,0,0,0,0,0.33,0.98,0,0.98,0.33,0,0,0,0
"RM304Organic.16S.S65",0.28,0,0,0,0,0,0.28,0,0,0,0,0,0,6.53,0.28,0.28,0,0,0,0,0.28,37.78,0,0,0,0,0,0,0,1.14,0,0,0,0,0,0,0,0,1.99,0,1.42,0.85,0,0,0,0
"RM4Inner.16S.S65",0,0,0,0,0,0,0,0,0,0,0,0,0,0,0,0.42,0,0,0,0,13.87,18.91,0,0,0,0,0,0,0,0,0,0,0,0,0,0,0,0,0,0,0,0,0,0,0,0
"RM4Mineral.16S.S65",0,0,0,0,0,0,0,0,0,0,0,0,0,8.8,0,2.46,0,0,0,0,0,30.63,0,0,0,0,0,0,0,1.41,0,0,0,0,0,0,0,0.35,2.11,0,0,0.35,0,0,0.35,0
"RM4Organic.16S.S66",0,0,0,0,0,0,0,0,0,0,0,0,0,1.14,0,1.42,0,0,0,0,0,27.84,0,0,0,0,0,0,0,0,0,0,0,0,0,0.57,0,0,0.57,0,0.85,0.57,0,0,0.28,0
"RM4Outer.16S.S66",0,0,0,0,0,0,0,0,0,0,0,0,0,3.35,0,7.66,0,0,0,0,1.44,32.06,0,0,0,0,0,0,0,0.48,0,0,0.48,0,0,0,0,0,0,0,0,0,0.48,0,0,0
"RM5Inner.16S.S68",0,0,7.51,7.51,0,0,7.51,0,0,0,0,0,0,0.58,0,0,0,0,0,0,15.61,12.14,0,0,0,0,0,0,0,0,0,0,0,0,0,0,0,0,0,0,0,0,0,0,0,0
"RM5Mineral.16S.S68",0,0,0.64,0.64,0,0,0.64,0,0,0,0,0,0,1.93,0,4.82,0,0,0,0,0,24.44,0,0,0,0,0,0,0,0.32,0,0,0,0,0,0,0,0.32,1.93,0,0.32,0.32,0,0,0.32,0
"RM5Organic.16S.S69",0,0,0,0,0,0,0,0,0,0,0,0,0,1.39,0,7.87,0,0,0,0,0,28.01,0,0,0,0,0,0,0,0,0,0,0,0,0,0.23,0,0,1.39,0,0.46,0.93,0,0,0,0
"RM5Outer.16S.S69",0.43,0,0,0,0,0.43,0,0,0,0,0,0.43,0,3.9,0,2.16,0,0,0,0,0.43,30.3,0,0,0,0,0,0.43,0.43,0.43,0,0,0.43,0,0,0,0,0.43,0.87,0,0.87,0.43,0,0.43,0.43,0.43
"RM501Inner.16S.S66",1.05,1.05,0,1.05,0,1.05,0,0,0,0,0,0,0,1.05,0,0,0,0,0,0,14.74,26.32,0,0,0,0,0,0,0,0,0,0,0,0,0,0,0,0,1.05,0,0,0,1.05,0,0,1.05
"RM501Mineral.16S.S66",0.7,0,0,0,0,0,0.7,0,0,0,0,0,0,8.8,0.7,2.82,0,0,0,0,0,32.04,0,0,0,0,0,0,0,3.17,0,0,0,0,0,0,0,0.35,2.11,0,0,0.35,0,0,0.35,0
"RM501Organic.16S.S66",0,0,0,0,0,0,0,0,0,0,0,0,0,1.94,0,2.33,0,0,0,0,0,25.58,0,0,0,0,0,0,0,1.16,0,0,0,0,0,0,0.39,0,0.78,0,0.39,2.33,0,0,0,0
"RM501Outer.16S.S67",0.83,0,0,0,0,0.83,0,0,0,0,0,0,0,0,0,4.13,0,0,0,0,0,33.88,0,0,0,0,0,0.83,0,0,0,0,0,0,0,0,0.83,0,0,0,0,0,0,0,0,0.83
"RM502Inner.16S.S67",0.37,6.72,0.37,7.09,0,0.37,0.37,0,0,0,0,0,0,8.58,0.37,0.37,0,0,0,0,12.31,21.27,0,0,0,0,0,0,0,0.75,0,0,0,0,0,0,0,0,0.75,0,0,0.37,0.37,0,0.37,0.75
"RM502Mineral.16S.S67",1.73,0,0,0,0,0,1.73,0,0,0,0,0,0,7.67,1.73,3.96,0,0,0,0,0,30.45,0,0,0,0,0,0.25,0,3.96,0,0,0,0,0,0,0.25,0.25,1.24,0,0.74,0.25,0,0,0,0
"RM502Organic.16S.S67",0,0,0,0,0,0,0,0,0,0,0,0,0,7.57,0,3.13,0,0,0,0,0,37.86,0,0,0,0,0,0,0,0.52,0,0,0,0,0,0,0,0,0.26,0,0.78,1.31,0,0,0,0
"RM502Outer.16S.S67",0.87,7.79,0,7.79,0,0,0,0,0,0,0,0,0,9.52,0.87,0.87,0,0,0,0,1.3,26.41,0,0,0,0,0,0.43,0.43,0,0,0,0,0,0,0,0,0.87,0.43,0,0.43,0,0,0,0.43,0.43
"RM503Inner.16S.S17",0,0.18,0.36,0.54,0,0,0.36,0,0,0,0,0,0,1.81,0.18,0,0,0,0.18,0,2.35,27.12,0,0,0,0,0,0,0,0.54,0,0,0,0,0,0,0.18,0.18,1.08,0,0.54,0.18,0,0,0,0.36
"RM503Mineral.16S.S68",3.16,0,0,0,0,0,3.16,0,0,0,0,0,0,8.7,3.16,1.58,0,0,0,0,0,33.6,0,0,0,0,0,0,0,5.14,0,0,0,0,0,0,0,0,0.79,0,0,0.4,0,0,0,0
"RM503Organic.16S.S68",0,0,0,0,0,0,0,0,0,0,0,0,0,4.95,0,2.02,0,0,0,0,0,29.54,0,0,0,0,0,0,0,0.73,0,0,0,0,0,0.18,0,0,1.1,0,0.37,1.1,0,0,0.18,0
"RM503Outer.16S.S18",0.39,0,0,0,0,0.39,0,0.2,0,0,0,0,0,1.38,0,4.13,0,0,0,0,1.97,23.03,0,0,0,0,0,0,0,0.39,0,0,0.98,0,0,0,0.2,0,0.2,0,1.18,0.2,0,0,0,0.39
"RMS1Mineral.16S.S69",0,0,0,0,0,0,0,0,0,0,0,0,0,2.58,0,4.64,0,0,0,0,0,20.62,0,0,0,0,0,0,0,0,0,0,0,0,0,0,0,0,2.06,0,0.52,0,0,0,0.52,0
"RMS1Organic.16S.S69",0,0.3,0,0.3,0,0.3,0,0,0,0,0,0,0,6.36,0,0.61,0,0,0,0,0,28.18,0,0,0,0,0,0,0,0.61,0,0,0,0,0,0,0,0,0.91,0,1.52,0.61,0,0,0,0
"RMS1Outer.16S.S70",1.61,0,0,0,0,1.61,0,0,0,0,0,0,0,0,0,4.44,0,0,0,0,1.61,29.03,0,0,0,0,0,0.81,0.81,0,0,0,0.81,0,0,0,0,0.81,0.81,0,0.81,0,0.4,0,0,1.61
"RO1Inner.16S.S75",0,0,0,0,0,0,0,0,0,0,0,0,0,0,0,0,0,0,0,0,4.08,31.29,0,0,0,0,0,2.72,2.72,0,0,0,0,0,0,0,0,2.72,1.36,0,0,0,0,0,0,0
"RO1Mineral.16S.S76",0.85,0,0,0,0,0,0.85,0,0,0,0,0,0,11.11,0.85,1.42,0,0,0,0,0,37.32,0,0,0,0,0,0,0,1.42,0,0,0,0,0,0,0,0,1.14,0,0.28,0.28,0,0,0.28,0
"RO1Organic.16S.S76",0,0,0,0,0,0,0,0,0,0,0,0,0,2.87,0,2.87,0,0,0,0,0,33.73,0,0,0,0,0,0,0,0,0,0,0,0,0,0,0,0,1.44,0,1.2,0.48,0,0,0,0
"RO1Outer.16S.S76",0.25,0,0,0,0,0.25,0,0,0,0,0,0,0,0,0,9.41,0,0,0,0,0,34.1,0,0,0,0,0,0,0,0,0,0,0,0,0,0,0,0,0.25,0,0.76,0.25,0.51,0,0,0.25
"RO10Inner.16S.S73",0,0,0,0,0,0,0,0,0,0,0,0,0,0.92,0,0,0,0,0,0,3.67,30.28,0,0,0,0,0,2.75,2.75,0,0,0,0,0,0,0,0,2.75,0,0,0,0.92,0,0,0,0
"RO10Mineral.16S.S73",0.83,0,0,0,0,0,0.83,0,0,0,0,0,0,8.68,0.83,0.83,0,0,0,0,0,45.45,0,0,0,0,0,0,0,2.89,0,0,0,0,0,0,0.41,0,1.65,0,1.65,0.83,0,0,0,0
"RO10Organic.16S.S74",0.16,0,0,0,0,0,0.16,0,0,0,0,0,0,6.2,0.16,1.79,0,0,0,0,0,34.42,0,0,0,0,0,0,0,0.65,0,0,0,0,0,0,0,0,0.98,0,0.33,0.65,0,0,0.33,0
"RO10Outer.16S.S74",1.31,0,0,0,0,1.31,0,0,0,0,0,0,0,0.65,0,1.96,0,0,0,0,1.31,25.49,0,0,0,0,0,0.65,0.65,0,0,0,0,0,0,0,0,0.65,0,0,0,0,0,0,0.65,1.31
"RO101Inner.16S.S70",0,0,0,0,0,0,0,0,0,0,0,0,0,0,0,0,0,0,0,0,7.75,23.26,0,0,0,0,0,5.43,5.43,0,0,0,0,0,0,0,0,5.43,0,0,0,0,0,0,0,0
"RO101Mineral.16S.S70",1.05,0,0,0,0,0,1.05,0,0,0,0,0,0,10.8,1.05,2.09,0,0,0,0,0,35.54,0,0,0,0,0,0,0,2.09,0,0,0,0,0,0.35,0,0.35,1.05,0,0.35,0,0,0,0,0.35
"RO101Organic.16S.S70",0,0,0,0,0,0,0,0,0,0,0,0,0,4.05,0,3.68,0,0,0,0,0,27.62,0,0,0,0,0,0,0,0.74,0,0,0,0,0,0,0,0,1.47,0,0.37,0.74,0,0,0,0
"RO101Outer.16S.S70",3.62,0,0,0,0,3.62,0,0,0,0,0,0,0,0,0,1.45,0,0,0,0.72,2.17,33.33,0,0,0,0,0,0,0,0,0,0,0,0,0,0,0,0,0,0,1.45,0,0,0,0,4.35
"RO102Inner.16S.S18",0,0,0,0,0,0,0,0,0,0,0,0,0,1.32,0,0,0,0,0,0,40.92,11.22,0,0,0,0,0,0,0.33,4.29,0,0,0.33,0,0,0,0,4.95,0,0,0.66,0,0,0,0,0
"RO102Mineral.16S.S71",1.05,0,0,0,0,0,1.05,0,0,0,0,0,0,10.53,1.32,5.53,0,0,0,0,0,43.16,0,0,0,0,0,0.26,0,4.74,0,0,0,0,0,0,0,0.26,0.53,0,0.53,0,0,0,0,0
"RO102Organic.16S.S71",0,0,0,0,0,0,0,0,0,0,0,0,0,3.5,0,1.17,0,0,0,0,0,29.93,0,0,0,0,0,0,0,1.02,0,0,0,0,0,0,0,0,0.73,0,0.88,0.88,0,0,0,0
"RO102Outer.16S.S18",0,0,0,0,0,0,0,0,0,0,0,0,0,0.87,0.22,0.43,0.22,0,0,0,48.81,7.16,0,0.22,0.22,0.22,0,0.22,1.74,9.76,0.22,0,0.65,0,0,0,0,6.51,0,0,0,0,0,0,0,0
"RO103Inner.16S.S71",0,0,0,0,0,0,0,0,0,0,0,0,0,0.62,0,0,0,0,0,0,10.49,14.2,0,0,0,0,0,0,0,0,0,0,0,0,0,0,0,0.62,0,0,0.62,0,0,0,0,0
"RO103Mineral.16S.S71",5.28,0,0,0,0,0,5.28,0,0,0,0,0,0,5.9,5.28,3.11,0,0,0,0,0,26.71,0,0,0,0,0,0,0,2.48,0,0,0,0,0,0,0,0.31,1.55,0,0.31,0.31,0,0,0.31,0.31
"RO103Outer.16S.S72",0,0,0,0,0,0.81,0,0,0,0,0,0.81,0,2.44,0,0.81,0,0,0,0,4.88,32.52,0,0,0,0,0,0,0,0,0,0,2.44,0,0.81,0,0,0,0.81,0,0,0,0.81,0,0,0.81
"RO104Mineral.16S.S72",2.52,0,0,0,0,0,2.52,0,0,0,0,0,0,9.24,2.52,2.8,0,0,0,0,0,34.17,0,0,0,0,0,0,0,1.68,0,0,0,0,0,0,0,0.28,1.12,0,0.28,0.56,0,0,0,0
"RO104Organic.16S.S72",0,0,0,0,0,0,0,0,0,0,0,0,0,3.44,0,2.23,0,0,0,0,0.2,19.64,0,0,0,0,0,0,0,0.2,0,0,0,0,0,0,0,0.2,1.21,0,0.2,0.4,0,0,0.4,0
"RO104Outer.16S.S72",3.49,0,0,0,0,3.49,0,0,0,0,0,0,0,0.27,0,5.38,0,0,0,0,0.27,30.38,0,0,0,0,0,0,0,0,0,0,0,0,0,0,0,0,0.54,0,2.42,0.54,0,0,0,4.03
"RO105Inner.16S.S72",0,0,0,0,0,0,0,0,0,0,0,0,0,0,0,0,0,0,0,0,4.9,34.31,0,0,0,0,0,1.96,1.96,0,0,0,0,0,0,0,0,2.94,0.98,0,0.98,0.98,0,0,0,0
"RO105Mineral.16S.S73",1.2,0,0,0,0,0,1.2,0,0,0,0,0,0,9.13,1.2,5.53,0,0,0,0,0,31.73,0,0,0,0,0,0,0,5.05,0,0,0,0,0,0,0,0.24,0.96,0,0.72,0.24,0,0,0,0
"RO105Organic.16S.S73",0,0,0,0,0,0,0,0,0,0,0,0,0,1.68,0,1.68,0,0,0,0,0.34,26.26,0,0,0,0,0,0,0,0.67,0,0,0,0,0,0,0,0.34,2.69,0,0.67,0.67,0,0,0,0
"RO105Outer.16S.S73",0.67,0,0,0,0,0.67,0,0,0,0.67,0,0,0,0,0,0.67,0,0,0,0,2.01,28.19,0,0,0,0,0,0,0,1.34,0,0,0.67,0,0,0,0,1.34,0,0,0,0,1.34,0,0,2.01
"RO11Inner.16S.S74",0,0,0,0,0,0,0,0,0,0,0,0,0,0,0,0,0,0,0,0,0.84,26.05,0,0,0,0,0,0,0,0.84,0,0,0,0,0,0,0,0.84,0,0,0.84,0,0,0,0,0
"RO11Organic.16S.S74",0,0,0,0,0,0,0,0,0,0,0,0,0,1.82,0,1.82,0,0,0,0,0,41.21,0,0,0,0,0,0.61,0,1.82,0,0,0,0,0,0,0.61,0,1.21,0,0.61,1.21,0,0,0,0
"RO11Outer.16S.S74",0,0,0,0,0,0,0,0,0,0,0,0,0,0.66,0,11.18,0,0,0,0,0,33.55,0,0,0,0,0,0,0,0,0,0,0,0,0,0,0,0,0.66,0,0,0,0.66,0,1.32,0
"RO13Inner.16S.S75",0.83,0,0,0,0,0.83,0,0,0,0,0,0,0,0.83,0,0.83,0,0,0,0,3.31,24.79,0,0,0,0,0,1.65,1.65,0,0,0,0,0,0,0,0,1.65,1.65,0,0,0,0,0,0,0.83
"RO13Organic.16S.S75",0,0,0,0,0,0,0,0,0,0,0,0,0,1.61,0,3.23,0,0,0,0,0,27.82,0,0,0,0,0,0,0,0.4,0,0,0,0,0,0.4,0,0,1.21,0,0.4,0.81,0,0,0,0
"RO13Outer.16S.S75",0.55,0,0,0,0,0.55,0,0,0,0,0,0,0,1.09,0,14.21,0,0,0,0,1.09,39.34,0,0,0,0,0,0,0,0,0,0,1.09,0,0,0,0,0,0.55,0,0.55,0,0,0,0,0.55
"RO2Inner.16S.S76",0.61,0,0,0,0,0.61,0,0,0,0,0,0,0,1.83,0,0.61,0,0,0,0,0.61,19.51,0,0,0,0,0,0,0,0,0,0,0,0,0,0,0,0,1.22,0,1.22,0,0,0,0,0.61
"RO2Mineral.16S.S76",3.63,0,0,0,0,0,3.63,0,0,0,0,0,0,6.74,3.63,3.63,0,0,0,0,0,34.72,0,0,0,0,0,0,0,3.11,0,0,0,0,0,0,0,0.52,1.3,0,0,0.52,0,0,0.26,0
"RO2Organic.16S.S77",0,0,0,0,0,0,0,0,0,0,0,0,0,3.47,0,9.85,0,0,0,0,0,34.75,0,0,0,0,0,0,0,0.58,0,0,0,0,0,0.19,0,0,1.16,0,0.39,0.77,0,0,0.19,0
"RO2Outer.16S.S77",0,0,0,0,0,0,0,0,0,0,0,0,0,1.37,0,6.85,0,0,0,0,0.46,35.62,0,0,0,0,0,0,0,0,0,0,0.46,0,0,0,0,0,0,0,0.91,0.46,0.46,0,0,0
"RO3Inner.16S.S18",0,2.03,0.25,2.28,0.25,0,0.25,0,0,0,0,0,0,9.37,0.25,0.25,0,0,0,0,1.52,55.95,0,0,0,0,0,0,0,0.25,0,0,0.51,0,0,0,0,0,0.51,0,0.25,0.25,0,0,0,0.25
"RO3Mineral.16S.S77",1.59,0,0,0,0,0,1.59,0,0,0,0,0,0,6.88,1.59,2.38,0,0,0,0,0,35.45,0,0,0,0,0,0,0,2.65,0,0,0,0,0,0,0,0.26,0.53,0,0.26,0.26,0,0,0,0
"RO3Organic.16S.S77",0,0,0,0,0,0,0,0,0,0,0,0,0,1.35,0,3.04,0,0,0,0,0,26.35,0,0,0,0,0,0.34,0,1.01,0,0,0,0,0,0,0,0,2.03,0,1.01,0.68,0,0,0,0
"RO3Outer.16S.S19",0.36,0.36,0,0.36,0,0.36,0,0,0,0,0,0,0,0.72,0.36,0,0,0,0,0,4.71,11.23,0,0,0,0,0,0,0,0,0,0,0.36,0,0,0,0,0,0,0,0.72,0,0,0,0,0.36
"RO7Inner.16S.S77",0,0,0,0,0,0,0,0,0,0,0,0,0,0,0,0.75,0,0,0,0,0.75,12.03,0,0,0,0,0,0,0,0,0,0,0,0,0,0,0,0,0,0,0,0,0,0,0,0
"RO7Organic.16S.S78",0,0,0,0,0,0,0,0,0,0,0,0,0,1.56,0,1.82,0,0,0,0,0,30.99,0,0,0.26,0,0,0.26,0,0.26,0,0,0,0,0,0,0,0,1.56,0,0.52,0.52,0,0,0,0
"RO7Outer.16S.S78",0.32,0,0,0,0,0.32,0,0,0,0,0,0,0,1.27,0.96,6.05,0,0,0,0,0,24.52,0,0,0,0,0,0,0,0,0,0,0.32,0,0,0,0,0,0,0,0.64,0.32,0.64,0,0,0.64
"RO7slash8Mineral.16S.S78",0.58,0,0,0,0,0,0.58,0,0,0,0,0,0,10.14,0.58,2.61,0,0,0,0,0,35.94,0,0,0,0,0,0,0,1.45,0,0,0,0,0,0,0,0.29,1.45,0,0.87,0.58,0,0,0,0.29
"RO8Inner.16S.S78",0,0,0,0,0,0,0,0,0,0,0,0,0,0,0,0.6,0,0,0,0,9.64,14.46,0,0,0,0,0,0,0,0,0,0,0,0,0,0,0,0.6,0,0,1.2,0,0,0,0,0
"RO8Outer.16S.S78",1,0,0,0,0,1,0,0,0,0,0,0,0,0,0,2,0,0,0,0,0.5,35,0,0,0,0,0,0,0,0,0,0,0,0,0,0,0,0,1.5,0,0.5,0,0,0,0,1
"RO9Inner.16S.S79",0,0,0,0,0,0,0,0,0,0,0,0,0,0,0,3.03,0,0,0,0,3.03,78.79,0,0,0,0,0,3.03,3.03,0,0,0,0,0,0,0,0,3.03,0,0,0,0,0,0,0,0
"RO9Mineral.16S.S79",4.14,0,0,0,0,0,4.14,0,0,0,0,0,0,10.19,4.14,5.41,0,0,0,0,0,39.81,0,0,0,0,0,0,0,2.55,0,0,0,0,0,0,0.32,0.32,0.96,0,0,0,0,0,0,0
"RO9Organic.16S.S79",0.3,0,0,0,0,0,0.3,0,0,0,0,0,0,1.82,0.3,0.91,0,0,0,0,0,17.93,0,0,0,0,0,0,0,0,0,0,0,0,0,0,0,0,1.82,0,0.3,0.61,0,0,0,0
"RO9Outer.16S.S79",0,0,0,0,0,0,0,0,0,0,0,0,0,0,0,1.55,0,0,0,0,11.63,26.36,0,0,0,0,0,8.53,8.53,0,0,0,0,0,0,0,0,8.53,0,0,0.78,0,0,0,0,0
"ROBowserInner.16S.S19",0,0,0,0,0,0,0,0,0,0.66,0,0,0,0,0,0,0,0,0,0,11.92,3.31,0,0,0,0,0,0,0.66,3.97,0,0,0,0,0,0,0.66,0.66,0,0,0,0,0,0,0,0
"ROBowserOuter.16S.S19",0.61,0,0,0,0,0.61,0,0,0,0.31,0,0,0,0.31,0.61,0.61,0.31,0,0,0,34.05,21.47,0,0.31,0.31,0.31,0.31,0.31,1.23,2.45,0.31,0,1.23,0,0,0,0.31,2.76,0,0,0.31,0,0.31,0,0,0.31
"SA1Inner.16S.S79",0,17.56,0,17.56,0,0,0,0,0,0,0,0,0,17.56,0,0,0,0,0,0,0,12.98,0,0,0,0,0,0,0,0,0,0,0,0,0,0,0,0,0,0,0,0.76,0,0,0,0
"SA1Mineral.16S.S80",0,0,0,0,0,0,0,1.58,0,0,0,0,0,14.19,0.68,0.23,0,0,0,0,0,25.23,0,0,0,0,0,0,0,1.8,0,0,0.23,0,0,0.23,0,0,0.68,0,0.23,0,0,0,0.23,0
"SA1Organic.16S.S80",0,0,0,0,0,0,0,0.58,0,0,0,0,0,9.25,0.58,0.58,0,0,0,0,0.58,26.01,0,0,0,0,0,0,0,1.73,0,0,0.58,0,0,0,1.16,0,0,0,0,0.58,0,0,0,0
"SA1Outer.16S.S80",1.27,0,0,0,0,1.27,0,0,0,0,0,0,0,0,0,0.85,0,0,0,0,1.27,30.93,0,0,0,0,0,0.42,0,0.85,0,0,0.85,0,0,0,0.42,0,1.27,0,0,0.42,1.27,0,0,1.27
"SH1Inner.16S.S80",2.02,0,0,0,0,1.52,0,0,0,0,0,0,0,0.51,0.51,0.51,0,0,0,0,16.67,43.43,0,0,0,0,0,0.51,0.51,1.01,0,0,2.53,0,0,0,0,0.51,0,0,0,0,0,0,0.51,1.52
"SH1Mineral.16S.S80",0.3,0,0,0,0,0,0.3,0.3,0,0,0,0,0,13.31,1.18,1.48,0,0,0,0,0,28.7,0,0,0,0,0,0,0,0.89,0,0,0.3,0,0,0,0,0,0.3,0,0.59,0.89,0,0,0,0
"SH1Organic.16S.S81",0,0,0,0,0,0,0,0,0,0,0,0,0,9.16,0.54,0.54,0,0,0,0,0.54,31.81,0,0,0.27,0,0,0.27,0,1.35,0,0.27,1.62,0.27,0,0,0,0,1.08,0,1.62,0.54,0,0,0,0.54
"SM1Mineral.16S.S86",0,0,0,0,0,0,0,1.88,0,0,0,0,0,12.85,0.31,1.25,0,0,0,0,0,22.88,0,0,0,0,0,0,0,0.63,0,0,0,0,0,0,0,0,0.31,0,0.31,0.31,0,0,0,0
"SM10Mineral.16S.S81",0.23,0,0,0,0,0,0.23,4.45,0,0,0,0,0,15.69,0.7,2.34,0,0,0,0,0,27.63,0,0,0,0,0,0,0,0.47,0,0,0.23,0,0,0,0,0,0.47,0,0.47,0,0,0,0,0
"SM10Organic.16S.S81",0,0,0,0,0,0,0,4.38,0,0,0,0,0,10.44,0.34,0.67,0,0,0,0,0.34,26.6,0,0,0,0,0,0,0,1.01,0,0,1.35,0,0,0,0,0,1.35,0,1.35,0.34,0,0,0,0.34
"SM10Outer.16S.S82",1.12,0,0,0,0,1.12,0,0,0,0,0,0,0,3.91,0,2.23,0,0,0,0,1.12,36.87,0,0,0,0,0,0.56,0.56,0,0,0,1.12,0,0,0,0,0.56,0.56,0,0,0.56,0,0,0,1.68
"SM11Inner.16S.S82",0,9.61,4.8,14.41,0,0,4.8,0,0,0,0,0,0,10.48,0,0,0,0,0,0,28.38,32.75,0,0,0,0,0,0,0,0.44,0,0,0,0,0,0,0,0,0,0,0,0,0,0,0.44,0
"SM11Mineral.16S.S82",0.38,0,0,0,0,0,0.38,1.54,0,0,0,0,0,13.05,0.96,1.15,0,0,0,0,0.19,25.14,0,0,0,0,0,0,0,0.58,0,0,0.38,0,0,0,0.19,0.19,0.38,0,0.19,0.19,0,0,0,0.38
"SM11Outer.16S.S82",0.73,0.73,0,0.73,0,0.73,0,0,0,0,0,0,0,2.92,0,0.73,0,0,0,0,5.11,37.23,0,0,0,0,0,0.73,0.73,0,0,0,0,0,0,0,0,0.73,0,0,1.46,0,0,0,0,0.73
"SM12Inner.16S.S83",0,0,10.67,10.67,0,0,10.67,0,0,0,0,0,0,0.56,0,0,0,0,0,0,6.74,5.06,0,0,0,0,0,0,0,0,0,0,0,0,0,0,0,0,0,0,0,0,0,0,0.56,0
"SM12Mineral.16S.S83",0,0,0,0,0,0,0,1.37,0,0,0,0,0,16.67,0.68,2.74,0,0,0,0,0,28.77,0,0,0,0,0,0,0,0.91,0,0,0.46,0,0,0,0,0,0.46,0,0.68,0,0,0,0.23,0
"SM13Mineral.16S.S84",0,0,0,0,0,0,0,1.56,0,0,0,0,0,15.37,0.45,0.67,0,0,0,0,0,27.17,0,0,0,0,0,0.22,0,1.56,0,0,0.22,0,0,0.22,0,0,0.67,0,0.45,0.22,0,0,0.22,0
"SM13Organic.16S.S84",0,0,0,0,0,0.35,0,1.05,0,0,0,0,0,5.96,0,0.7,0,0,0,0,1.05,26.67,0,0,0.7,0,0,0.7,0,2.81,0,0.35,1.4,0.35,0,0,0.35,0.35,0.35,0.35,1.05,0.35,0,0,0,0.35
"SM13Outer.16S.S84",0.5,0.5,0.5,1,0,0.5,0.5,0,0,0,0,0,0,1,0,0.5,0,0,0,0,0.5,23.88,0,0,0,0,0,0,0,0,0,0,1,0,0,0,0,0.5,0,0,1,0,0.5,0,0.5,0.5
"SM14Inner.16S.S84",0,10.85,8.2,19.05,0,0,8.2,0,0,0,0,0,0,13.49,0,0,0,0,0,0,16.14,20.37,0,0,0,0,0,0.53,0.26,0,0,0,0,0,0,0,0,0.53,0.26,0,0,0.26,0,0,0.53,0
"SM14Mineral.16S.S84",0,0,0,0,0,0,0,0.48,0,0,0,0,0,12.08,0,1.45,0,0,0,0,0,23.67,0,0,0,0,0,0,0,0.97,0,0,0,0,0,0,0,0,0.48,0,0.48,0.48,0,0,0,0
"SM14Outer.16S.S85",0,0,0,0,0,0,0,0,0,0,0,0,0,0,0,0,0,0,0,0,1.19,65.48,0,0,0,0,0,1.19,0,1.19,0,0,2.38,0,0,0,1.19,0,0,0,0,0,0,0,0,0
"SM15Inner.16S.S85",0,10.14,5.99,16.13,0,0,5.99,0,0,0,0,0,0,10.6,0,0,0,0,0,0,17.97,19.35,0,0,0,0,0,0,0,0,0,0,0,0,0,0,0,0,0,0,0,0,0,0,0.46,0
"SM2Inner.16S.S86",0,16.62,9.12,25.2,0.27,0,9.12,0,0,0,0,0,0,16.62,0,0,0,0,0,0,12.87,11.53,0,0,0,0,0,0,0,0,0,0,0,0,0,0,0,0,0.54,0,0,0.27,0,0,0,0
"SM2Mineral.16S.S86",0,0,0,0,0,0,0,1.53,0,0,0,0,0,9.18,0,0.51,0,0,0,0,0,17.86,0,0,0,0,0,0,0,1.02,0,0,0,0,0,0,0,0,2.04,0,1.53,0,0,0,0,0
"SM2Organic.16S.S87",0,0,0,0,0,0,0,2.61,0,0,0,0,0,11.57,0.37,0.37,0,0,0,0,0,26.12,0,0,0,0,0,0,0,1.49,0,0,0.37,0,0,0,0,0,1.49,0,0.37,0.37,0,0,0,0
"SM3Inner.16S.S87",0,10.86,6,16.86,0,0,6,0,0,0,0,0,0,11.14,0,0,0,0,0,0,3.43,2.57,0,0,0,0,0,0,0,0,0,0,0,0,0,0,0,0,0,0,0,0,0,0,0.29,0
"SM3Mineral.16S.S87",0,0,0,0,0,0,0,3.26,0,0,0,0,0,14.88,0.93,0.93,0,0,0,0,0,23.72,0,0,0,0,0,0,0,0.47,0,0,0,0,0,0,0,0,0.93,0,1.4,0,0,0,0,0
"SM3Organic.16S.S87",0,0,0,0,0,0,0,2.19,0,0,0,0,0,11.31,0,0.36,0,0,0,0,0,27.01,0,0,0,0,0,0,0,0.73,0,0,0,0,0,0.36,0,0,2.19,0,0.73,0,0,0,0,0
"SM4Inner.16S.S88",0,17.24,10.69,27.93,0,0,10.69,0,0,0,0,0,0,17.59,0,0,0,0,0,0,5.86,5.86,0,0,0,0,0,0,0,0,0,0,0,0,0,0,0,0,0,0,0,0.34,0,0,0.34,0
"SM4Mineral.16S.S88",0,0,0,0,0,0,0,3.35,0,0,0,0,0,14.06,0.45,1.79,0,0,0,0,0,23.88,0,0,0,0,0,0,0,0.22,0,0,0,0,0,0,0,0.22,0.45,0,0.45,0,0,0,0,0
"SM4Organic.16S.S88",0,0,0,0,0,0,0,0.52,0,0,0,0,0,12.83,0.26,1.05,0,0,0,0,0.26,28.53,0,0,0,0,0,0,0,0.79,0,0,0.26,0,0,0,0,0.26,1.31,0,1.05,0.52,0,0,0,0.26
"SM4Outer.16S.S88",1.55,0,0,0,0,1.55,0,0,0,0,0,0,0,0,0,0.78,0,0,0,0,0.78,32.56,0,0,0,0,0,0,0,0,0,0,0.78,0,0,0,0,0,0,0,2.33,0,0.78,0,0,2.33
"SM5Mineral.16S.S89",0,0,0,0,0,0,0,4.09,0,0,0,0,0,16.36,0.41,2.04,0,0,0,0,0,29.04,0,0,0,0,0,0,0,0.61,0,0,0,0,0,0,0,0,0.41,0,0,0,0,0,0,0
"SM5Organic.16S.S89",0,0,0,0,0,0,0,6.07,0,0,0,0,0,8.91,0.81,1.21,0,0,0,0,0,23.08,0,0,0,0,0,0,0,1.21,0,0,0.4,0,0,0,0,0,0.4,0,0.4,0,0,0,0,0
"SM6Inner.16S.S89",0,7.93,7.93,15.86,0,0,7.93,0,0,0,0,0,0,8.37,0,0,0,0,0,0,19.38,14.1,0,0,0,0,0,0,0,0.44,0,0,0,0,0,0,0,0.44,0,0,0,0,0,0,0.44,0
"SM6Mineral.16S.S89",0.21,0,0,0,0,0,0.21,3.22,0,0,0,0,0,16.09,0.64,1.93,0,0,0,0,0.21,26.82,0,0,0,0,0,0,0,0.86,0,0,0,0,0,0,0,0.21,0.64,0,0.43,0.21,0,0,0,0
"SM6Organic.16S.S90",0,0,0,0,0,0,0,1.23,0,0,0,0,0,11.66,0.31,0.92,0,0,0,0,0,26.38,0,0,0,0,0,0,0,0.31,0,0,0.31,0,0,0,0,0,0.92,0,1.23,0,0,0,0.31,0
"SM7Inner.16S.S90",1.64,0,0.82,0.82,0,1.64,0.82,0,0,0,0,0,0,0.82,0,0,0,0,0,0,1.64,30.33,0,0,0,0,0,0.82,0.82,0,0,0,0.82,0,0,0,0,0.82,0.82,0,0,0,0,0,0,1.64
"SM7Mineral.16S.S90",0,0,0,0,0,0,0,3.45,0,0,0,0,0,14.75,0.38,4.02,0,0,0,0,0.38,27.97,0,0,0,0,0,0,0,0.38,0,0,0,0,0,0,0,0.19,0.57,0,0.57,0,0,0,0,0
"SM7Organic.16S.S90",0,0,0,0,0,0,0,1.63,0,0,0,0,0,12.23,0.82,1.09,0,0,0,0,0,30.43,0,0,0,0,0,0.27,0,0.54,0,0,0.82,0,0,0,0.54,0,1.09,0,1.09,0,0,0,0,0
"SM7Outer.16S.S91",0,0,0,0,0,0,0,0.29,0,0,0,0.58,0,1.75,0,0,0,0,0,0,0.58,24.85,0,0,0,0,0,0,0,0,0,0,1.17,0,0,0,0,0,0.58,0,1.75,0,0,0.58,0.58,0
"SM8Inner.16S.S91",0,0,0,0,0,0,0,0,0,0,0,0,0,0,0,0,0,0,0,0,32.28,32.28,0,0,0,0,0,0,0,0,0,0,0,0,0,0,0,0,0,0,0,0,0,0,0,0
"SM8Mineral.16S.S91",0,0,0,0,0,0,0,3.4,0,0,0,0,0,15.29,0.42,2.76,0,0,0,0,0.21,27.18,0,0,0,0,0,0.21,0,0.64,0,0,0,0,0,0,0,0,1.06,0,0.85,0,0,0,0,0
"SM8Organic.16S.S91",0,0,0,0,0,0,0,1.98,0,0,0,0,0,5.95,0.4,0.79,0,0,0,0,0,26.59,0,0,0,0,0,0,0,0.4,0,0,0.4,0,0,0,0,0.4,0.79,0,1.19,0.4,0.4,0,0,0.4
"SM9Inner.16S.S92",0,0.69,0.69,1.38,0,0,0.69,0,0,0,0,0,0,4.83,0,1.38,0,0,0,0,2.07,28.28,0,0,0,0,0,0,0,0.69,0,0.69,0,0.69,0,0,0,0,0,0,2.07,0,0,0,0,0
"SM9Mineral.16S.S92",0,0,0,0,0,0,0,4.9,0,0,0,0,0,12.1,0,2.02,0,0,0,0,0.58,22.48,0,0,0,0,0,0,0,0.86,0,0,0,0,0,0,0,0.29,0.86,0,0.58,0.29,0,0,0,0.29
"SM9Organic.16S.S92",0,0,0,0,0,0,0,1.65,0,0,0,0,0,9.47,0,1.65,0,0,0,0,0.41,24.28,0,0,0,0,0,0,0,1.23,0,0,0.82,0,0,0,0.41,0.41,0,0,0.82,0,0,0,0,0
"WA1Inner.16S.S99",0,0,0,0,0,0,0,0,0,0,0,0,0,1.11,0,0,0,0,0,0,8.89,46.67,0,0,0,0,0,5.56,5.56,1.11,0,0,1.11,0,0,0,0,5.56,1.11,0,0,0,0,0,0,2.22
"WA1Mineral.16S.S99",0,0,0,0,0,0,0,1.48,0,0,0,0,0,17.04,0.99,0.49,0,0,0,0,0,29.38,0,0,0,0,0,0,0,1.73,0,0,0.25,0,0,0,0,0.25,0,0,0.74,0.25,0,0,0,0
"WA1Organic.16S.S99",0,0,0,0,0,0,0,0.78,0,0,0,0,0,12.3,0.98,0.78,0,0,0,0,0.59,30.47,0,0,0,0,0,0,0,2.54,0,0.2,0.39,0.2,0,0,0,0.39,0.78,0,0.98,0.59,0,0,0,0.59
"WA1Outer.16S.S99",0.62,0,0,0,0.31,0.62,0,0,0,0,0,0,0,0.31,0,0.31,0,0,0,0,0.62,22.91,0,0,0,0,0,0,0,0,0,0,0,0,0,0,0,0,0.62,0,0.62,0.31,0.31,0,0,0.62
"WA10Inner.16S.S96",0.6,3.57,0,3.57,0,0.6,0,0,0,0,0,0,0,4.17,0,0,0,0,0,0,13.69,44.05,0,0,0.6,0,0,5.36,4.76,0.6,0,0,0,0,0,0,0,4.76,0,0,0,0,0.6,0,0,0.6
"WA10Mineral.16S.S96",0,0,0,0,0,0,0,0.37,0,0,0,0,0,10.04,0,0.74,0,0,0,0,0,21.93,0,0,0,0,0,0,0,1.49,0,0,0.37,0,0,0,0,0,1.49,0,0.37,0.37,0,0,0,0
"WA10Organic.16S.S96",0,0,0,0,0,0,0,0,0,0,0,0,0,15.48,0.84,0.84,0,0,0,0,0.21,35.36,0,0,0.21,0,0,0.21,0,1.26,0,0.21,0.84,0.21,0,0,0,0,0.84,0,0,0,0,0,0.21,0
"WA101Inner.16S.S93",0,0,0,0,0,0,0,0,0,0,0,0,0,1.04,0,0,0,0,0,0,42.71,23.96,0,0,0,0,0,1.04,0,0,0,0,1.04,0,0,0,0,0,1.04,0,0,0,0,0,0,0
"WA101Mineral.16S.S93",0,0,0,0,0,0,0,0.4,0,0,0,0,0,11.29,0.4,0.4,0,0,0,0,0,20.97,0,0,0,0,0,0,0,2.02,0,0,0,0,0,0,0,0,1.61,0,0.81,0.4,0,0,0,0
"WA101Organic.16S.S93",0,0,0,0,0,0,0,0.38,0,0,0,0,0.19,12.95,0.94,0.38,0,0,0,0,0.75,30.21,0,0,0.19,0,0,0.38,0,2.25,0,0.19,0.19,0.19,0,0,0.38,0.38,0.94,0,0.56,0.56,0,0,0,0
"WA101Outer.16S.S93",2.58,0,0,0,0,2.58,0,0,0,0,0,0,0,0,0,0.86,0,0,0,0.43,0.86,24.46,0,0,0,0,0,0,0,0.43,0,0,0,0,0,0,0,0.43,1.72,0,0.86,0.86,0.86,0,0.43,2.58
"WA102Inner.16S.S93",10.75,0,0,0,0,10.75,0,0,0,0,0,0,0,0,1.08,2.15,0,0,0,0,0,46.24,0,0,0,0,0,0,0,2.15,0,0,2.15,0,0,0,0,1.08,0,0,2.15,0,0,0,0,10.75
"WA103Inner.16S.S94",0.8,0,0,0,0,0.8,0,0,0,0,0,0.8,0,1.99,0,0,0,0,0,0,5.58,43.03,0,0,0,0,0,3.59,3.59,0,0,0,1.59,0,0,0,0,3.59,0.8,0,1.2,0.8,0,0.8,0.8,0.8
"WA103Outer.16S.S94",0.9,0,0,0,0,0.9,0,0,0,0,0,0,0,2.7,0.9,0,0,0,0,0,2.7,34.23,0,0,0,0,0,0.9,0.9,0,0,0,0,0,0,0,0,1.8,0,0,0,0,0,0,2.7,1.8
"WA103starInner.16S.S94",0,0,0,0,0,0.3,0,0.3,0,0,0,0,0.3,2.42,0.61,0.91,0,0,0,0,4.24,22.73,0,0,0,0,0,0.3,0,0,0,0,0.61,0,0,0,0.3,0.3,1.52,0,1.82,0.61,0,0,0.61,0
"WA104Mineral.16S.S95",0,0,0,0,0,0,0,0.65,0,0,0,0,0,12.66,0.65,0.97,0,0,0,0,0,25,0,0,0,0,0,0,0,0.97,0,0,0.32,0,0,0,0,0,0.32,0,0,0.32,0,0,0,0
"WA104Organic.16S.S95",0,0,0,0,0,0,0,0.73,0,0,0,0,0,16.59,0.73,0.24,0,0,0,0,0,32.44,0,0,0,0,0,0,0,0.98,0,0,0.49,0,0,0.24,0,0.24,0.73,0,0.49,0.24,0,0,0.24,0
"WA104Outer.16S.S95",1.15,0,0,0,0,1.15,0,0,0,0,0,0,0,11.45,0,0.76,0,0,0,0,2.29,36.64,0,0,0,0,0,0,0,0,0,0,0.38,0,0,0,0,0.38,0.76,0,0.76,0,0.38,0,0.38,1.53
"WA12Inner.16S.S96",2.29,0,0,0,0,2.29,0,0,0,0,0,0,0,0,0,0,0,0,0,0.76,11.45,42.75,0,0,0,0,0,8.4,8.4,0,0,0,0.76,0,0,0,0,8.4,0,0,0.76,0,0.76,0,0,2.29
"WA12Mineral.16S.S97",0,0,0,0,0,0,0,1.97,0,0,0,0,0,15.5,0.66,0.87,0,0,0,0,0.22,26.86,0,0,0,0,0,0,0,0.66,0,0,0.44,0,0,0.22,0,0,0.87,0,0.44,0,0,0,0,0.22
"WA12Organic.16S.S97",0,0,0,0,0,0,0,1.32,0,0,0,0,0,10.53,0.22,0.22,0,0,0,0,1.54,31.58,0,0,0,0,0,0.66,0,1.1,0,0.44,0.88,0.44,0,0,0.88,0.22,1.75,0,1.32,0,0,0,0,0.66
"WA12Outer.16S.S97",0,0,0,0,0,0,0,0,0,0,0,0,0,0,0,0.61,0,0,0,0,6.71,36.59,0,0,0,0,0,0,0,0,0,0.61,0,0.61,0,0,0,0,0.61,0,0,0,0,0,0,0
"WA15Inner.16S.S98",1.8,0,0,0,0,1.8,0,0,0,0,0,0,0,3.6,0.9,0.9,0,0,0,0,9.01,45.05,0,0,0,0,0,1.8,0.9,0.9,0,0,0,0,0,0,0,0.9,0,0,0,0.9,0.9,0,0.9,2.7
"WA15Mineral.16S.S98",0,0,0,0,0,0,0,0.29,0,0,0,0,0,13.57,0.88,0.29,0,0,0,0,0,24.78,0,0,0,0,0,0,0,2.06,0,0,0.29,0,0,0,0,0,0.88,0,0.29,0,0,0,0,0.29
"WA15Organic.16S.S98",0,0,0,0,0,0,0,0.18,0,0,0,0,0,13.01,0.53,0.36,0,0,0,0,0.36,31.73,0,0,0.36,0,0,0.36,0,2.5,0,0.36,0.36,0.36,0,0,0,0.18,0.53,0,0.36,0.53,0,0,0.18,0
"WA15Outer.16S.S99",1.65,0,0,0,0,1.65,0,0,0,0,0,0,0,0.55,0.55,1.65,0,0,0,0,0,29.12,0,0,0,0,0,0,0,0,0,0,1.1,0,0,0,0,0,0,0,0,0.55,1.1,0,1.1,1.65
"WA5Inner.16S.S100",0,1.3,0.65,1.95,0,0,0.65,0,0,0,0,0,0,7.79,0,0,0,0,0.65,0,7.79,50.65,0,0,0,0,0,0,0,0,0,0,0,0,0,0,0,0,0,0,0,0.65,0,0,0,0
"WA5Mineral.16S.S100",0,0,0,0,0,0,0,0.64,0,0,0,0,0,11.82,0.64,1.28,0,0,0,0,0.64,25.56,0,0,0,0,0,0,0,2.24,0,0,0.32,0,0,0,0,0,1.28,0,0.64,0,0,0,0.32,0
"WA5Organic.16S.S100",0,0,0,0,0,0,0,0.2,0,0,0,0,0,15.31,0.6,0.8,0,0,0,0,0.6,33.6,0,0,0.4,0,0,0.4,0,4.57,0,0.2,0.4,0.2,0,0,0.2,0.2,0.4,0,0.8,0.2,0,0,0,0.2
"WA5Outer.16S.S100",0,0,0,0,0,0,0,0,0,0,0,0,0,0,0,0,0,0,0,0,25,57.14,0,0,0,0,0,17.86,17.86,0,0,0,0,0,0,0,0,17.86,0,0,0,0,0,0,0,0
"WAX1Inner.16S.S100",0,0,0,0,0,0,0,0,0,0,0,0,0.46,0.93,0,1.39,0,0,0,0,3.24,37.5,0,0,0,0,0,2.78,2.78,0.46,0,0,1.39,0,0,0,0,2.78,0,0,0.93,0,0,0,0,0
"WAX1Outer.16S.S101",2.56,0,0,0,0,2.56,0,0,0,0,0,0,0,0.64,0,0.64,0,0.32,0.32,0,0.64,24.04,0,0,0,0,0,0.32,0.32,0.32,0,0,0.96,0,0,0,0,0.64,0.32,0,1.6,0.64,0.32,0,0.32,2.56
"WO1Inner.16S.S101",0,0,0,0,0,0,0,0,0,0,0,0,0,7.5,0,0,0,0,0,0,18.75,43.75,0,0,0,0,0,12.5,12.5,1.25,0,0,0,0,0,0,0,12.5,0,0,0,0,0,0,0,0
"WO1Mineral.16S.S101",0.55,0,0,0,0,0,0.55,0,0,0,0,0,0,10.99,0.55,1.65,0,0,0,0,0,39.56,0,0,0,0,0,0,0,1.65,0,0,0,0,0,0,0,0.27,2.75,0,0.27,0.27,0,0,0,0
"WO1Organic.16S.S101",0,0,0,0,0,0,0,0,0,0,0,0,0,3.32,0,2.7,0,0,0,0,0.21,29.25,0,0,0,0,0,0,0,0.41,0,0,0,0,0,0.21,0.21,0.21,0.41,0,0.41,0.41,0,0,0,0
"WO1Outer.16S.S102",0.41,0,0,0,0,0.41,0,0,0,0,0,0,0,0.81,0.41,0.81,0,0,0,0,0.41,25.61,0,0,0,0,0,0,0,0.41,0,0,0,0,0,0,0,0.81,2.44,0,3.25,0.41,0,0,0.41,0.81
"WP101Inner.16S.S102",0,0,0,0,0,0,0,0,0,0,0,0,0,0,0,0,0,0,0,0,6.57,29.58,0,0,0,0,0,5.16,5.16,0,0,0,0.47,0,0,0,0,5.16,0,0,0,0,0,0,0,0
"WP101Mineral.16S.S102",3.86,0,0,0,0,0,3.86,0,0,0,0,0,0,9.01,3.86,2.15,0,0,0,0,0,40.34,0,0,0,0,0,0,0,2.15,0,0,0,0,0,0,0,0.43,1.29,0,0.43,0.86,0,0,0,0
"WP101Organic.16S.S102",0,0,0,0,0,0,0,0,0,0,0,0,0,3.65,0,2.92,0,0,0,0,0,25.29,0,0,0,0,0,0,0,0.58,0,0,0,0,0,0.15,0,0,0.88,0,0.15,0.44,0,0,0.29,0
"WP101Outer.16S.S102",0,0,0,0,0,0,0,0,0,0,0,0,0,0,0,3.48,0,0,0,0,0,28.7,0,0,0,0,0,0,0,0,0,0,0,0,0,0,0,0,0.87,0,0,0.87,1.74,0,0,0
"WP102Inner.16S.S103",1.32,0,0,0,0,1.32,0,0,0,0,0,0,0,1.32,0,2.65,0,0,0,0,19.21,36.42,0,0,0,0,0,0,0,1.99,0,0,0.66,0,0,0,0,0,0,0,0,0,0,0,0,1.32
"WP102Outer.16S.S103",0,0,0,0,0,0,0,0,0,0,0,0,0,0,0,1.47,0,0,0,0,9.31,19.12,0,0,0,0,0,0,0,0,0,0,0,0,0,0,0,0,1.47,0,0,0.49,1.47,0,1.47,0
"WP103Inner.16S.S103",0.91,0,0,0,0,0,0,0,0,0,0,0,0,0.91,0.91,0.91,0,0,0,0,5.91,36.82,0,0,0,0,0,4.09,4.09,0.45,0,0,0,0,0,0,0,4.09,0.45,0,0,0.45,0.45,0,0,0
"WP2Inner.16S.S104",0.46,0,0,0,0,0.46,0,0,0,0,0,0,0,1.85,0,0.46,0,0,0,0,8.8,28.7,0,0,0,0,0,0,0,0,0,0,0,0,0,0,0,0,2.78,0,0.93,0,0.46,0,0.46,0.46
"WP2Mineral.16S.S104",0,0,0,0,0,0,0,0,0,0,0,0,0,3.52,0,4.69,0,0,0,0,0,24.65,0,0,0,0,0,0,0,0.7,0,0,0,0,0,0.23,0,0,2.82,0,0.7,0.23,0,0,0.7,0
"WP2Organic.16S.S104",0,0,0,0,0,0,0,0,0,0,0,0,0,3.4,0,8.16,0,0,0,0,0,29.12,0,0,0,0,0,0,0,0.14,0,0,0,0,0,0.27,0,0,1.77,0,0.41,0.68,0,0,0,0
"WP2Outer.16S.S104",0,0,0,0,0,0,0,0,0,0,0,0,0,0,0,2.63,0,0,0,0,1.32,20.39,0,0,0,0,0,0,0,0,0,0,0,0,0,0,0,0,0.66,0,0,0,1.32,0,1.97,0
"WP3Inner.16S.S105",0,0,0,0,0,0,0,0,0,0,0,0,0,0,0,1.02,0,0,0,0,1.02,26.9,0,0,0,0,0,0,0,0,0,0,0.51,0,0,0,0,0.51,0.51,0,1.02,0.51,2.03,0,0,0
"WP3Organic.16S.S105",0.23,0.23,0.23,0.23,0,0,0.23,0,0,0,0,0,0,1.17,0,1.17,0,0,0,0,0.47,15.26,0,0,0,0,0,0,0,0.23,0,0,0,0,0,0,0.23,0,1.17,0,0.23,0.47,0,0,0,0
"WP4Inner.16S.S107",0,1.8,0,1.8,0,0,0,0,0,0,0,0,0,1.8,0,2.4,0,0,0,0,2.1,28.44,0,0,0,0,0,1.5,1.5,0,0,0.3,0,0.3,0,0,0,1.5,0.3,0,0,0.3,0.9,0,0.9,0
"WP4Organic.16S.S107",0.48,0.24,0,0,0,0,0,0.24,0,0,0,0,0,1.44,0,2.39,0,0,0,0,0.48,13.64,0,0,0,0,0,0,0,0,0,0,0,0,0,0,0,0.24,1.44,0,0.48,0.48,0,0,0,0
"WP4Outer.16S.S108",0,0,0,0,0,0,0,0,0,0,0,0,0,0,0,6.85,0,0,0,0,0,20.55,0,0,0,0,0,0,0,0,0,0,0,0,0,0,0,0,1.37,0,0,0.68,0.68,0,0,0
"WP401Mineral.16S.S105",2.15,0,0,0,0,0,2.15,0,0,0,0,0,0,9.78,2.15,1.76,0,0,0,0,0,31.31,0,0,0,0,0,0.2,0,2.35,0,0,0,0,0,0,0,0.39,0.78,0,0.2,0.39,0,0,0,0
"WP401Organic.16S.S105",0,0,0,0,0,0,0,0,0,0,0,0,0,4.01,0,2.9,0,0,0,0,0,27.94,0,0,0,0,0,0.14,0,0.41,0,0,0,0,0,0,0.14,0,1.24,0,0.41,0.69,0,0,0,0.14
"WP402Inner.16S.S106",0,0,0,0,0,0,0,0,0,0,0,0,0,1.3,0,0,0,0,0,0,20.78,59.74,0,0,0,0,0,9.09,9.09,7.79,0,0,7.79,0,0,0,0,9.09,1.3,0,0,0,0,0,0,0
"WP402Mineral.16S.S106",0.64,0,0,0,0,0,0.64,0,0,0,0,0,0,8.1,0.64,3.84,0,0,0,0,0,37.95,0,0,0,0,0,0,0,1.07,0,0,0,0,0,0,0,0.43,1.92,0,0.64,0.43,0,0,0.21,0
"WP402Organic.16S.S106",0,0,0,0,0,0,0,0,0,0,0,0,0,1.81,0,5.3,0,0,0,0,0,29.01,0,0,0,0,0,0,0,0.56,0,0,0,0,0,0,0,0,0.7,0,0.56,0.42,0,0,0,0
"WP403Mineral.16S.S107",1.42,0,0,0,0,0,1.42,0,0,0,0,0,0,9.72,1.42,2.13,0,0,0,0,0,33.89,0,0,0,0,0,0,0,1.66,0,0,0,0,0,0,0,0.24,1.42,0,0.24,0.24,0,0,0,0
"WP403Organic.16S.S107",0,0,0,0,0,0,0,0,0,0,0,0,0,4.72,0,2.7,0,0,0,0,0.4,26.42,0,0,0,0,0,0.27,0,0.54,0,0,0,0,0,0,0.27,0.4,1.75,0,0.67,0.4,0,0,0,0.13
"WP5Inner.16S.S108",0,0,0,0,0,0,0,0,0,0,0,0,0,0.33,0,1,0,0,0,0,0,21.4,0,0,0,0,0,0,0,0,0,0,0,0,0,0,0,0,1.34,0,0.33,2.68,0.67,0,0,0
"WP5Mineral.16S.S108",0.61,0,0,0,0,0,0.61,0,0,0,0,0,0,6.69,0.61,0.91,0,0,0,0,0,27.66,0,0,0,0,0,0,0,1.52,0,0,0,0,0,0,0,0,2.13,0,0.3,0.61,0,0,0.3,0
"WP5Organic.16S.S108",0,0,0,0,0,0,0,0,0,0,0,0,0,2.64,0,2.42,0,0,0,0,0,24.01,0,0,0,0,0,0,0,0.22,0,0,0,0,0,0.22,0,0,1.76,0,0.44,0.22,0,0,0.44,0
"WP6Inner.16S.S109",0.42,0,0,0,0,0.42,0,0,0,0,0,0,0,0,0,2.12,0,0,0,0,3.81,38.98,0,0,0,0,0,2.54,2.54,0,0,0,0,0,0,0,0,2.54,0.42,0,1.69,0,0.42,0,0,0.42
"WP6Mineral.16S.S109",0.26,0,0,0,0,0,0.26,0,0,0,0,0,0,10.39,0.26,2.6,0,0,0,0,0,41.3,0,0,0,0,0,0.26,0,3.38,0,0,0,0,0,0,0,0.26,1.04,0,0,0.52,0,0,0,0
"WP6Organic.16S.S109",0,0,0,0,0,0,0,0,0,0,0,0,0,3.85,0,3.3,0,0,0,0,0,29.71,0,0,0,0,0,0,0,0.55,0,0,0,0,0,0.14,0.14,0,1.24,0,0.41,0.55,0,0,0.28,0.14
"WP7Mineral.16S.S109",4.31,0,0,0,0,0,4.31,0,0,0,0,0,0,8.63,4.31,1.62,0,0,0,0,0,32.08,0,0,0,0,0,0,0,2.96,0,0,0,0,0,0.27,0,0.27,1.89,0,0,0.54,0,0,0,0
"WP7Organic.16S.S109",0.13,0,0,0,0,0,0.13,0,0,0,0,0,0,3.85,0.13,4.12,0,0,0,0,0,25.9,0,0,0,0,0,0,0,0.53,0,0,0,0,0,0.13,0,0,1.33,0,0.13,1.2,0,0,0.27,0
"WP8Inner.16S.S110",0,0,0,0,0,0,0,0,0,0,0,0,0,0.65,0,1.95,0,0,0,0,3.25,28.57,0,0,0,0,0,1.3,1.3,1.3,0,0,1.3,0,0,0,0,1.3,0,0,0,0,1.3,0,0,0
"WP8Mineral.16S.S110",4.37,0,0,0,0,0,4.37,0,0,0,0,0,0,8.74,4.37,1.8,0,0,0,0,0,30.08,0,0,0,0,0,0,0,3.6,0,0,0,0,0,0,0,0.26,1.8,0,0.26,0,0,0,0,0
"WP8Organic.16S.S110",0,0,0,0,0,0,0,0,0,0,0,0,0,2.66,0,2.25,0,0,0,0,0,25,0,0,0,0,0,0,0,0.41,0,0,0,0,0,0,0,0,0.82,0,0.2,0.61,0,0,0.2,0
"WP8Outer.16S.S110",0,0,0,0,0,0,0,0,0,0,0,0,0,0,0,0.83,0,0,0,0,0,21.07,0,0,0,0,0,0,0,0,0,0,0,0,0,0,0,0,0.83,0,0.41,0.41,0,0,0.83,0
"WP9Inner.16S.S110",0,0,0,0,0,0,0,0,0,0,0,0,0,0.61,0,2.45,0,0,0,0,17.79,25.15,0,0,0,0,0,0,0,0,0,0,0,0,0,0,0,0,0,0,0,0,0.61,0,0,0
"WP9Mineral.16S.S111",0.6,0,0,0,0,0,0.6,0.6,0,0,0,0,0,9.52,0.6,2.38,0,0,0,0,0,36.31,0,0,0,0,0,0,0,1.19,0,0,0,0,0,0,0,0.6,1.19,0,0,0.6,0,0,0,0
"WP9Organic.16S.S111",0,0,0,0,0,0,0,0,0,0,0,0,0,3.62,0,3.14,0,0,0,0,0,27.78,0,0,0,0,0,0,0,0.72,0,0,0,0,0,0,0,0,0.97,0,0.24,0.48,0,0,0,0
"WP9Outer.16S.S111",0,0,0,0,0,0,0,0,0,0,0,0,0,1.49,0,1.49,0,0,0,0,3.98,53.23,0,0,0,0,0,1,0.5,0,0,0,0,0,0,0,0.5,0.5,1,0,0,0,2.99,0,0,0
"WPBereniceMineral.16S.S111",0,0,0,0,0,0,0,0,0,0,0,0,0,9.82,0.7,1.4,0,0,0,0,0.35,19.65,0,0,0,0,0,0,0,1.05,0,0,0,0,0,0,0,0.35,0.7,0,0.7,0.35,0,0,0,0.35
"WPBERENICEOrganic.16S.S112",0,0,0,0,0,0,0,0.45,0,0,0,0,0,12.22,0.45,0.45,0,0,0,0,0.23,26.47,0,0,0,0,0,0.23,0,0.9,0,0,0.23,0,0,0,0,0,1.58,0,2.26,0.45,0,0,0,0
"WPBERENICEOuter.16S.S112",0.58,0,0,0,0,0.58,0,0,0,0,0,0,0,0,0,2.92,0,0,0,0,0,23.39,0,0,0,0,0,0,0,0,0,0,0,0,0,0,0,0,0.58,0,0.58,0.58,1.17,0,0,0.58
"WPX2Inner.16S.S112",0.82,0,0,0,0,0.27,0.55,0,0,0,0,0,0,3.29,0.55,1.64,0,0,0,0,1.37,32.05,0,0,0,0,0,0.55,0.55,0.27,0,0,0.27,0,0,0,0,0.55,0.82,0,0.27,0.27,0,0,0,0.27
"WPX2Mineral.16S.S113",0,0,0,0,0,0,0,1.6,0,0,0,0,0,12.5,0.8,1.06,0,0,0,0,0.27,23.94,0,0,0,0,0,0,0,0.8,0,0,0.27,0,0,0,0.27,0,1.6,0,0.53,0.27,0,0,0,0
"WPX2Organic.16S.S113",0,0,0,0,0,0,0,0.86,0,0,0,0,0,17.34,0.86,0.21,0,0,0,0,0.21,32.33,0,0,0,0,0,0,0,2.57,0,0,0.64,0,0,0,0,0,1.71,0,1.28,0,0,0,0,0
"WPX22Inner.16S.S112",0,0,0,0,0,0,0,0,0,0,0,0,0,1.12,0,2.24,0,0,0,0,0.37,40.3,0,0,0,0,0,0,0,0.75,0,0,0.37,0,0,0,0,0,1.12,0,0.75,3.36,0,0,0,0
"WPX22Outer.16S.S112",0,0,0,0,0,0,0,0,0,0,0,0,0,4.32,0,2.16,0,0,0,0,2.16,50.27,0,0,0,0,0,1.62,1.62,0.54,0,0,0.54,0,0,0,0,1.62,1.08,0,1.08,0,0,0,0,0
"WPX5Inner.16S.S113",1.11,0.56,0,0,0,0.56,0.56,0,0,0,0,0,0,1.67,0.56,2.22,0.56,0,0,0,2.22,45.56,0,0,0,0,0,1.67,1.11,0,0,0,0,0,0,0,0.56,1.11,0,0,0.56,0.56,0,0,0,0.56
"WPX5Mineral.16S.S113",0,0,0,0,0,0,0,0.33,0,0,0,0,0,10.6,0.66,1.32,0,0,0,0,0,23.51,0,0,0,0,0,0,0,0.99,0,0,0,0,0,0,0,0,1.32,0,0,0.33,0,0,0,0
"WPX5Organic.16S.S113",0,0,0,0,0,0,0,0,0,0,0,0,0,7.86,0.31,0,0,0,0,0,0,26.1,0,0,0.31,0,0,0.31,0,0.94,0,0,0.63,0,0,0,0.31,0,1.26,0,1.57,0.31,0,0,0,0
"WPX5Outer.16S.S114",0.68,0,0,0,0,0.68,0,0,0,0,0,0,0,0.68,0,2.03,0,0,0.68,0,0.68,29.05,0,0,0,0,0,0,0,0,0,0,0,0,0,0,0.68,0,0.68,0,0,0.68,1.35,0,0,0.68
"WPX7Inner.16S.S21",0,0.36,0,0.36,0,0,0,0,0,0,0,0,0,2.17,0,0.72,0,0,0,0,32.13,18.41,0,0,2.17,0,0,2.53,2.17,2.17,0,0,0.72,0,0,0,0,3.25,0.72,0,0.72,0.36,0,0,0,0
"WPX7Mineral.16S.S21",0,0,0,0,0,0,0,0,0,0,0,0,0,14.12,0.78,1.96,0,0,0,0,0,26.67,0,0,0,0,0,0,0,1.18,0,0,0,0,0,0,0,0,1.18,0,0.39,0,0,0,0,0
"WPX7Organic.16S.S114",0,0,0,0,0,0,0,0,0,0,0,0,0,8.47,0.71,0.53,0,0,0,0,0.71,30.69,0,0,0,0,0,0,0,1.06,0,0,0.71,0,0,0,0.18,0.18,1.41,0,0.88,0.53,0,0,0,0.53
"YB10Mineral.16S.S114",0.34,1.71,0,0.34,2.39,0,0,0.68,0,0,0,0,0,1.71,0,4.78,0,0,0,0,0.34,21.84,0,0,0,0,0,0,0,0,0,0,0,0,0,0.34,0.34,0,2.05,0,0,0.34,0,0,0.34,0
"YB10Organic.16S.S115",0,0,0,0,0,0,0,0,0,0,0,0,0,1.49,0,2.69,0,0,0,0,0,32.54,0,0,0,0,0,0,0,0.3,0,0,0,0,0,0,0,0,1.79,0,0.6,0.6,0,0,0,0
"YB10Outer.16S.S115",0,0,0,0,0,0,0,0,0,0,0,0,0,0,0,0.92,0,0,0,0,0.92,23.85,0,0,0,0,0,0,0,0,0,0,0,0,0,0,0,0,0,0,0,0,0.92,0,0,0
"YB11Inner.16S.S115",0,0.37,0,0.37,0,0,0,0,0,0,0,0,0,0.37,0,0.37,0,0,0,0,21.25,17.22,0,0,0,0,0,0,0,0,0,0,0,0,0,0,0,0,0.37,0,0,0,0.37,0,0,0
"YB11Organic.16S.S116",0.31,2.2,0,1.89,1.26,0,0,0,0,0,0,0,0,5.03,0,1.89,0,0,0,0,0.94,16.98,0,0,0,0,0,0,0,0,0,0,0,0,0,0,0,0.31,2.2,0,0.94,0,0,0,0.31,0
"YB11Outer.16S.S116",0,0,0,0,0,0,0,0,0,0,0,0,0,0,0,5.11,0,0,0,0,1.14,31.82,0,0,0,0,0,0,0,0.57,0,0,0.57,0,0.57,0,0,0,0,0,1.14,0,0,0,0,0
"YB11primeInner.16S.S116",0,0,0,0,0,0,0,0,0,0,0,0,0,0,0,0,0,0,0,0,32.28,24.05,0,0,0,0,0,1.27,1.27,0,0,0,0,0,0,0,0,1.27,0,0,0,0,0,0,0,0
"YB11primeOuter.16S.S116",0.35,0,0,0,0,0.35,0,0,0,0,0,0,0,1.04,0,0.69,0,0,0,0,12.15,34.03,0,0,0,0,0,0,0,0.69,0,0,0.69,0,0,0,0,0.35,1.39,0,0.69,0,0,0,0.35,0.35
"YB12Inner.16S.S22",0,0,0,0,0,0,0,0,0,0,0,0,0,0,0,0,0,0,0,0,52.94,10.08,0,0,0,0,0,0,1.26,3.15,0,0,0,0,0,0,0,3.99,0.21,0,0,0,0,0,0.42,0
"YB12Outer.16S.S22",0,0,0,0,0,0,0,0.39,0,1.16,0,0,0,0,0,0,0.19,0,0,0,59.11,6.59,0,0,0,0,0,0.58,2.13,8.91,0,0,0,0,0,0,1.16,6.98,0,0,0,0.39,0,0,0,0
"YB13Inner.16S.S117",0,0,0,0,0,0,0,0,0,0,0,0,0,0.5,0,8.96,0,0,0,0,21.39,33.33,0,0,0,0,0,1,1,0.5,0,0,1.99,0,0,0,0,1,0,0,0,0,0,0,0,0
"YB13Mineral.16S.S22",0.66,2.97,0,0.99,0.66,0,0,0,0,0,0,0,0,2.97,0,2.64,0,0,0,0,0.99,16.83,0,0,0,0,0,0,0,0,0,0,0,0,0,0,0,0,1.32,0,0.99,0,0,0,0.33,0
"YB13Organic.16S.S117",0,0.62,0.31,0.93,0.62,0,0.31,0,0,0,0,0,0,2.78,0,0.62,0,0,0,0,0.93,16.98,0,0,0,0,0,0,0,0.62,0,0,0.31,0,0,0,0,0,0.93,0,1.23,0.93,0,0,0.31,0
"YB13Outer.16S.S117",5.79,1.65,0.83,2.48,0,5.79,0.83,0,0,0,0,0,0,1.65,0,0.83,0,0,0,0,7.44,34.71,0,0,0,0,0,4.13,4.13,0,0,0,0,0,0,0,0,4.13,0,0,0,0,0,0,0.83,5.79
"YB14Mineral.16S.S117",0,1.59,0,0.8,0.8,0,0,0,0,0,0,0,0,2.79,0,0.8,0,0,0,0,1.59,17.93,0,0,0,0,0,0,0,0,0,0,0,0,0,0,0.4,0,1.2,0,0.4,0.4,0,0,0.4,0
"YB14Organic.16S.S117",0.28,0.28,0.28,0.56,0.28,0,0.28,0,0,0.28,0,0,0,1.41,0,0.56,0,0,0,0,1.69,16.34,0,0,0,0,0,0,0,0.28,0,0,0,0,0,0,0,0.28,1.13,0,1.69,1.69,0,0,0.56,0.28
"YB14Outer.16S.S118",0,0,0,0,0,0,0,0,0,0,0,0,0,1.04,0.52,2.59,0,0,0,0,3.11,54.4,0,0,0,0,0,0,0,0.52,0,0,1.04,0,0,0,0,0,0,0,0.52,0,0,0,0,0
"YB15Inner.16S.S118",0,5.71,0.63,6.35,0,0,0.63,0,0,0,0,0,0,5.71,0,0.32,0,0,0,0,9.21,9.21,0,0,0,0,0,0,0,0,0,0,0,0,0,0,0,0,0,0,0,0,0,0,0,0
"YB15Mineral.16S.S118",0.28,0,0,0,0,0,0.28,0,0,0,0,0,0,8.19,0.28,1.69,0,0,0,0,0.28,30.23,0,0,0,0,0,0,0,0.28,0,0,0,0,0,0,0.28,0.28,1.98,0,0,0.56,0,0,0.28,0
"YB15Organic.16S.S118",0,0,0,0,0,0,0,0,0,0,0,0,0,4.61,0,1.15,0,0,0,0,0,26.96,0,0,0.23,0,0,0.23,0,0.92,0,0,0,0,0,0,0,0,0.92,0,1.38,0.23,0,0,0,0
"YB15Outer.16S.S118",3.88,0,0,0,0,3.88,0,0,0,0,0,0,0,3.1,0,0,0,0,0,0,2.33,42.64,0,0,0,0,0,1.55,1.55,0,0,0,0.78,0,0,0,0,1.55,0,0,0,0.78,0,0,0.78,3.88
"YB2Mineral.16S.S119",0.61,9.09,0.91,1.21,0.91,0,0.91,0.3,0,0.3,0,0,0,1.52,0,0.3,0,0,0,0,0.91,7.27,0,0,0,0,0,0.3,0,0,0,0,0,0,0,0,0,0,0.61,0,0.3,0,0,0,0.3,0
"YB2Outer.16S.S119",0,0,0,0,0,0,0,0,0,0,0,0,0,4.41,0.34,0,0,0,0.34,0,17.29,22.37,0,0,0,0,0,0,0,0,0,0,0,0,0.34,0,0,0,0,0,0,0,0,0,1.02,0.34
"YB3Inner.16S.S119",0,0,0,0,0,0,0,0,0,0,0,0,0,0,0,1.37,0,0,0,0,17.81,42.47,0,0,0,0,0,4.11,4.11,0,0,0,0,0,0,0,0,4.11,0,0,0,0,0,0,0,0
"YB3Mineral.16S.S119",0,0,0,0,0,0,0,0,0,0,0,0,0,6.41,0,2.56,0,0,0,0,0,38.46,0,0,0,0,0,0,0,1.28,0,0,0,0,0,0,0,1.28,1.28,0,0,0,0,0,1.28,0
"YB3Organic.16S.S120",0,0,0,0,0,0,0,0,0,0,0,0,0,1.37,0,2.74,0,0,0,0,0.15,20.82,0,0,0,0,0,0,0,0.76,0,0,0,0,0,0,0,0.15,1.06,0,0.3,0.61,0,0,0,0
"YB3Outer.16S.S120",1.67,0,0,0,0,1.67,0,0,0,0,0,0,0,0,0,0,0,0,0,0,21.67,41.67,0,0,0,0,0,13.33,13.33,0,0,0,0,0,0,0,0,13.33,0,0,0,0,0,0,0,1.67
"YB4Inner.16S.S120",0,23.81,0,23.81,0.48,0,0,0,0,0,0,0,0,23.81,0,0,0,0,0,0,3.33,0.48,0,0,0,0,0,0,0,0,0,0,0,0,0,0,0,0,0,0,0,0,0,0,0,0
"YB4Mineral.16S.S120",0.95,0,0,0,0,0,0.95,0,0,0,0,0,0,4.13,0.95,6.35,0,0,0,0,0,24.13,0,0,0,0,0,0,0,1.59,0,0,0,0,0,0,0,0,0.95,0,0.32,0.63,0,0,0,0
"YB4Organic.16S.S120",0,0,0,0,0,0,0,0,0,0,0,0,0,2.5,0,6.47,0,0,0,0,0,26.62,0,0,0,0,0,0,0,0.29,0,0,0,0,0,0.15,0,0,1.03,0,0.29,0.44,0,0,0.29,0
"YB4Outer.16S.S121",0.58,0.58,0,0.58,0,0,0,0,0,0,0,0,0,0.58,0.58,3.49,0,0,0,0,3.49,30.81,0,0,0,0,0,1.16,1.16,0,0,0,0,0,0,0,0,1.74,0,0,2.91,0.58,0,0,0,0
"YB5Inner.16S.S121",0,0,0,0,0,0,0,0,0,0,0,0,0,0,0,0,0,0,0,0,30,30,0,0,0,0,0,0,2,0,0,0,0,0,0,0,0,0,0,0,2,0,2,0,0,0
"YB5Mineral.16S.S121",0.41,0,0,0,0.41,0,0,0,0,0,0,0,0,2.46,0,3.28,0,0,0,0,0,15.57,0,0,0,0,0,0,0,0.41,0,0,0,0,0,0,0,0.41,1.64,0,0.82,0.41,0,0,0,0
"YB5Organic.16S.S121",0,1.46,0,0.58,0.29,0,0,0,0.29,0.29,0,0,0,1.75,0,0.58,0,0,0,0,1.17,12.87,0,0,0,0,0,0,0,0,0,0,0,0,0,0.29,0.29,0.29,0.58,0,0.58,0.29,0,0,0,0.29
"YB5Outer.16S.S121",1.67,0,0,0,0,1.67,0,0,0,0,0,0,0,1.11,0.56,2.22,0,0,0,0,2.78,32.78,0,0,0,0,0,1.11,1.11,0,0,0,1.11,0,0.56,0,0,1.11,0,0,0,0.56,0,0,0,2.22
"YB9Organic.16S.S122",0,0,0,0,0,0,0,0,0,0.19,0,0,0,3.15,0,1.48,0,0,0,0,0.19,21.34,0,0,0,0,0,0,0,0.19,0,0,0,0,0,0,0.19,0,2.04,0,0.37,0.37,0,0,0.19,0
"YB9Outer.16S.S122",0,0,0,0,0,0,0,0,0,0,0,0,0,0,0,4.19,0,0,0,0,6.59,26.35,0,0,0,0,0,4.19,4.19,0,0,0.6,0,0.6,0,0,0,4.79,0,0,0.6,0,0.6,0,0,0
"YBYBInner.16S.S23",0,11.42,0,11.42,0,0,0,0,0,0,0,0,0,11.42,0,0,0,0,0,0,9.69,5.19,0,0,0,0,0,0,0,1.38,0,0,0.69,0,0,0,0,0,0,0,0.35,0,0,0,0,0
"YBYBMineral.16S.S123",2.02,0,0,0,0,0,2.02,0,0,0,0,0,0,8.08,2.02,3.03,0,0,0,0,0,22.73,0,0,0,0,0,0,0,3.03,0,0,0,0,0,0,0,0.51,2.02,0,0.51,1.52,0,0,0.51,0
"YBYBOrganic.16S.S123",0,0,0,0,0,0,0,0,0,0,0,0,0,6.42,0,8.91,0,0,0,0,0,34.6,0,0,0,0,0,0,0,0.26,0,0,0,0,0,0,0,0,0.52,0,0.39,0.79,0,0,0.39,0
"YBYBOuter.16S.S23",0.2,0,0,0,0,0.2,0,0,0,0.2,0,0,0,0.2,0.2,1.77,0.2,0,0,0,33.66,13.98,0,0.2,0.2,0.2,0,0.79,0.98,4.13,0.2,0,0.39,0,0,0,0.2,1.77,0,0,0,0,0,0,0,0.2
