"","Pathotroph","Saprotroph","Symbiotroph","Bryophyte Parasite","Dung Saprotroph","Ectomycorrhizal","Fungal Parasite","Leaf Saprotroph","Plant Parasite","Wood Saprotroph","Animal Pathogen","Endophyte","Plant Pathogen","Lichen Parasite","Litter Saprotroph","Soil Saprotroph","Plant Saprotroph","Epiphyte","Lichenized","Arbuscular Mycorrhizal","Endomycorrhizal","Ericoid Mycorrhizal","Orchid Mycorrhizal","Root Associated Biotroph","Clavicipitaceous Endophyte","Animal Endosymbiont"
"AB1Inner.ITS.S22",28.57,64.29,14.29,0,7.14,0,7.14,0,0,14.29,28.57,7.14,0,0,0,0,0,0,7.14,0,0,0,0,0,7.14,0
"AB1Mineral.ITS.S24",19.88,34.78,34.16,1.24,2.48,19.25,9.32,1.24,0.62,9.94,1.86,9.32,8.07,1.24,4.97,12.42,1.86,0.62,0,0,0,3.73,0,0,0.62,0
"AB1Organic.ITS.S26",15.23,31.98,32.99,0.51,3.05,21.83,5.08,0.51,0,9.64,1.02,8.63,7.11,0,6.09,5.58,4.06,0.51,0,0,0,4.57,1.52,0.51,0,0
"AB10Mineral.ITS.S8",18.29,30.49,41.46,0,3.66,23.17,7.32,0,0,10.37,4.27,12.8,6.71,0.61,7.93,9.15,3.05,0.61,0,0,0,4.27,1.83,1.83,1.83,0
"AB10Organic.ITS.S10",20.1,35.18,33.67,0,4.52,20.1,9.05,0,0,15.08,4.02,11.06,7.54,0,6.03,5.03,4.02,1.01,0,0,0,6.03,2.01,0,0.5,0
"AB11Mineral.ITS.S16",18.67,33.73,39.76,0.6,6.02,23.49,9.64,0.6,0.6,10.84,4.82,11.45,6.63,0.6,4.22,9.04,3.01,0.6,0,0,0,3.61,0.6,0.6,1.81,0
"AB11Organic.ITS.S18",16.82,37.85,31.31,0.93,4.21,18.69,7.01,0,0,15.42,1.87,8.41,6.54,0.93,5.61,5.14,6.54,0.93,0.47,0,0,4.21,0.47,0,0,0
"AB2Inner.ITS.S30",22.22,44.44,8.89,0,0,0,6.67,2.22,0,8.89,8.89,4.44,13.33,2.22,0,2.22,0,0,2.22,0,0,0,0,0,2.22,0
"AB2Mineral.ITS.S32",21.05,26.32,33.55,0,1.32,19.08,7.89,0,0,5.26,1.97,5.92,7.24,0,3.29,9.21,2.63,0.66,0.66,0,0,6.58,0,0,0.66,0
"AB2Organic.ITS.S34",16.67,31.14,25,0.88,2.63,14.91,6.58,0.44,0.44,10.96,3.07,7.02,6.14,0,4.39,6.14,4.39,0.44,0,0,0,3.95,0.44,0,0.44,0
"AB3slash5Inner.ITS.S42",16.67,66.67,0,0,0,0,0,0,0,16.67,16.67,0,0,0,0,0,0,0,0,0,0,0,0,0,0,0
"AB3slash5Mineral.ITS.S44",14.29,31.87,35.16,0,3.85,19.23,3.85,0,0,8.24,2.75,12.09,8.24,0,8.24,12.09,3.3,1.1,0,0,0,2.75,0.55,0.55,0.55,0
"AB3slash5Organic.ITS.S46",18.47,36.55,29.32,1.2,3.21,18.47,6.02,1.61,0.4,13.65,2.01,6.83,7.23,0.4,4.82,7.63,6.43,1.61,0,0,0.4,4.02,0.4,0,0,0
"AB4Mineral.ITS.S52",22,32,40,0,4,22,8,0,0,11.33,4.67,12.67,8.67,0,6,11.33,6,0.67,0,0,0,5.33,0.67,0.67,1.33,0
"AB4Organic.ITS.S54",15.81,36.75,29.49,0.43,4.7,20.94,5.98,0.43,0,12.39,2.14,5.98,7.26,0,4.27,4.27,4.7,0.43,0,0,0.43,3.42,0.85,0,0.43,0
"AB4slash6Mineral.ITS.S60",18.75,32.95,31.25,0.57,3.41,11.36,6.82,0.57,0,8.52,1.14,13.07,9.09,0,7.39,11.36,2.84,0.57,0,0,0,4.55,0,0,1.14,0
"AB4slash6Organic.ITS.S62",19.09,39.09,29.09,0,2.73,14.55,8.18,0,0,13.64,1.82,10.91,7.27,0,7.27,10,6.36,1.82,0,0,0,2.73,0,0,0,0
"AB5Mineral.ITS.S76",20.79,31.19,41.58,0.5,3.47,24.75,8.42,0.5,0.5,9.41,2.48,10.89,8.42,0,6.44,10.89,3.47,0.5,0.5,0,0,4.46,0.5,0.5,0.99,0
"AB5Organic.ITS.S78",19.62,33.01,29.19,0,4.31,19.14,5.26,1.44,0,11.48,3.35,6.22,8.61,0,3.35,3.35,3.35,0.96,0.48,0,0,4.78,1.44,0.48,0.48,0
"AB501Mineral.ITS.S68",16.39,35.52,36.61,1.64,4.37,23.5,7.1,1.64,1.09,11.48,3.83,9.29,5.46,0.55,6.56,13.11,3.83,0.55,0,0,0,2.73,1.09,1.09,0.55,0
"AB501Organic.ITS.S70",15.38,35.47,29.49,0.85,3.42,20.51,6.84,0.85,0,14.1,2.99,6.84,5.13,0,5.98,9.4,5.13,0.43,0.43,0,0,2.99,0.85,0.43,0,0
"AB6Mineral.ITS.S84",22.16,32.95,44.89,0,2.27,26.14,7.95,0,0,6.82,3.98,11.93,10.23,0,6.25,9.66,3.41,0.57,0,0,0,5.11,0,0,1.7,0
"AB6Organic.ITS.S86",17.44,36.92,30.26,0.51,5.13,17.44,4.1,0.51,0,12.82,1.54,8.21,9.23,0.51,4.62,4.62,4.1,0.51,0,0,0,5.64,0.51,0,0.51,0
"AB6primeMineral.ITS.S92",15.91,34.09,30.11,0,3.41,16.48,7.39,0,0,7.39,2.27,9.09,6.25,0,6.82,12.5,2.84,0,0,0,0,3.41,0,0,0,0
"AB6primeOrganic.ITS.S94",17.27,37.35,26.51,0.8,4.02,15.26,6.83,0.4,0,13.65,2.81,8.43,6.43,0.4,6.43,6.02,5.62,0.4,0,0,0,3.61,0.4,0,0,0
"AB9Mineral.ITS.S100",16.84,28.06,35.71,0,2.55,20.92,6.63,0,0,9.18,4.08,8.67,7.14,0.51,5.1,7.14,4.59,0.51,0,0,0,4.08,2.04,2.04,1.02,0
"AB9Organic.ITS.S102",16.22,33.11,21.62,0.34,2.7,9.46,6.08,0,0,11.82,4.05,10.47,6.42,1.01,5.07,4.05,4.05,0.34,0,0,0,5.07,1.69,0,1.01,0
"ABT14PMineral.ITS.S108",24.34,38.16,37.5,0,5.26,16.45,11.84,0,0,10.53,3.29,15.79,10.53,0,7.89,12.5,4.61,0.66,0,0,0,3.95,0.66,0.66,1.97,0
"ABT14POrganic.ITS.S110",18.67,35.56,24.89,0.89,2.22,15.56,7.11,1.33,0,14.22,1.33,6.67,10.67,0,3.11,2.67,6.22,0.44,0,0,0,3.56,0.44,0,0,0
"BB1Inner.ITS.S176",29.27,26.83,9.76,0,2.44,0,7.32,0,0,7.32,12.2,7.32,19.51,0,0,0,0,2.44,2.44,0,0,0,0,0,2.44,0
"BB1Mineral.ITS.S178",16.94,31.82,38.43,0,2.89,21.9,7.02,0,0,8.26,3.31,10.74,5.37,0.83,7.85,9.92,3.72,0.41,0,0,0.41,5.79,2.07,0.83,0,0
"BB1Organic.ITS.S180",17.53,28.87,38.14,0,1.03,25.77,6.19,0,0,9.28,2.06,8.25,5.15,0,7.22,9.28,5.15,1.03,0,0,0,7.22,2.06,0,0,0
"BB1Outer.ITS.S182",34.62,34.62,38.46,0,0,3.85,3.85,3.85,0,23.08,15.38,23.08,26.92,15.38,0,3.85,3.85,3.85,11.54,0,0,0,0,0,0,0
"BB10Inner.ITS.S114",35.71,21.43,7.14,0,7.14,0,7.14,0,0,7.14,21.43,7.14,28.57,0,0,0,0,0,0,0,0,0,0,0,7.14,0
"BB10Organic.ITS.S116",17.07,37.4,38.21,0,5.69,26.02,8.13,0,0,15.45,2.44,10.57,6.5,0,8.13,7.32,8.94,0.81,0,0,0,4.07,2.44,0.81,0.81,0
"BB10Outer.ITS.S118",36.36,63.64,36.36,0,18.18,9.09,0,0,0,45.45,36.36,36.36,36.36,27.27,0,0,0,0,0,0,0,0,0,0,0,9.09
"BB10primeInner.ITS.S120",34.62,34.62,3.85,0,0,0,15.38,0,0,7.69,23.08,3.85,15.38,0,0,3.85,3.85,0,0,0,0,0,0,0,0,0
"BB10primeMineral.ITS.S122",14.13,31.88,31.88,0,3.99,17.39,5.43,0,0,10.14,3.99,9.78,5.07,1.45,6.16,8.33,3.26,0,0.36,0,0,3.26,0.72,0.72,1.81,0
"BB10primeOrganic.ITS.S124",14.71,34.12,31.18,1.18,5.29,19.41,8.24,1.76,1.18,13.53,4.71,7.65,4.71,0.59,4.71,7.06,5.29,0,0.59,0,0,1.18,0,0,1.18,0
"BB11Inner.ITS.S128",26.92,19.23,11.54,0,3.85,3.85,7.69,0,0,11.54,11.54,11.54,19.23,3.85,0,0,0,0,0,0,0,0,0,0,3.85,0
"BB11Mineral.ITS.S130",19.5,32.78,30.29,0.41,3.32,12.03,7.47,0.41,0,11.2,5.39,13.69,8.3,0.41,6.64,7.88,5.39,1.24,0.41,0,0,4.15,0.83,0,1.24,0.41
"BB11Organic.ITS.S132",18.18,31.17,29.44,0.87,3.03,15.58,6.49,1.3,0,15.15,3.46,9.96,6.49,0.87,5.63,4.76,6.49,1.3,0.87,0,0,6.06,1.3,0,0.87,0
"BB12Inner.ITS.S136",21.21,18.18,15.15,0,3.03,0,0,0,0,9.09,6.06,9.09,15.15,9.09,0,0,0,0,6.06,0,0,0,0,0,0,0
"BB12Mineral.ITS.S138",23.23,30.97,40,0,1.94,19.35,8.39,0,0,9.68,3.23,12.26,10.97,0.65,6.45,7.74,4.52,0.65,0,0,0,7.1,1.29,1.29,0.65,0
"BB12Organic.ITS.S140",18.75,31.7,27.68,0.89,2.23,16.52,8.04,0.45,0,13.39,1.34,7.59,6.7,0,4.46,4.91,5.8,0.89,0,0,0,6.25,1.34,0,0.45,0
"BB13Mineral.ITS.S146",20.86,38.04,27.61,0,3.68,12.27,6.75,0,0,9.2,3.07,9.82,10.43,0.61,5.52,7.98,3.07,0.61,0,0,0,5.52,1.23,0.61,1.23,0
"BB13Organic.ITS.S148",15.48,29.37,26.59,0.79,3.17,15.48,5.16,0.79,0,11.11,2.38,9.52,7.14,0,4.76,3.97,2.78,0.79,0.4,0,0,4.76,1.59,0.4,0.79,0
"BB13Outer.ITS.S150",0,50,0,0,50,0,0,0,0,50,0,0,0,0,0,0,0,0,0,0,0,0,0,0,0,0
"BB14Inner.ITS.S152",18.84,21.74,24.64,0,0,15.94,7.25,0,0,8.7,7.25,7.25,7.25,1.45,1.45,4.35,4.35,0,0,0,0,1.45,0,0,2.9,0
"BB14Mineral.ITS.S154",17.86,38.27,37.24,0,5.61,19.39,5.61,0.51,0,9.18,4.59,12.76,7.65,1.02,9.69,10.71,2.04,0.51,0,0,0,4.08,1.02,1.02,1.53,0
"BB14Organic.ITS.S156",20.86,33.09,28.06,0.72,3.6,16.55,5.04,1.08,0,11.51,3.6,7.91,10.79,0.72,5.76,4.32,2.88,1.08,0,0,0.72,4.32,1.08,0.72,0.36,0
"BB14Outer.ITS.S158",37.5,25,25,0,0,0,0,0,0,12.5,25,25,37.5,12.5,0,0,0,0,0,0,0,0,0,0,0,0
"BB16Inner.ITS.S160",7.41,11.11,14.81,0,3.7,0,3.7,0,0,7.41,3.7,14.81,3.7,0,0,0,3.7,0,0,0,0,0,0,0,3.7,0
"BB16Mineral.ITS.S162",19.88,33.92,40.94,0,2.92,19.3,7.02,0,0,9.94,2.92,15.2,10.53,1.75,8.77,10.53,2.34,0,0.58,0,0,4.68,0.58,0.58,1.17,0
"BB16Organic.ITS.S164",16.53,27.42,28.23,0.81,2.42,16.53,5.24,1.21,0.4,8.87,2.82,7.66,6.45,0.4,4.03,5.65,2.82,1.21,0.4,0,0,5.24,0.81,0,0.4,0
"BB16Outer.ITS.S166",42.86,33.33,28.57,0,4.76,0,9.52,0,0,14.29,28.57,28.57,23.81,9.52,0,0,0,4.76,0,0,4.76,0,0,0,4.76,4.76
"BB16primeInner.ITS.S168",16.22,16.22,16.22,0,2.7,2.7,2.7,2.7,0,5.41,10.81,13.51,13.51,0,0,0,0,0,0,0,0,0,0,0,2.7,0
"BB16primeMineral.ITS.S170",20.31,30.73,33.85,0,4.69,15.62,7.29,0,0,11.46,4.17,11.46,8.33,1.04,6.25,7.81,3.65,1.04,0,0,0,5.21,1.04,1.04,1.04,0
"BB16primeOrganic.ITS.S172",17.53,30.28,27.89,0.8,3.19,16.73,5.98,0.4,0.4,11.16,3.19,5.18,6.77,0,3.59,4.38,5.58,0.8,0.8,0,0,4.38,1.59,0.8,0.4,0
"BB16primeOuter.ITS.S174",16.67,11.11,11.11,0,0,0,5.56,0,0,5.56,16.67,11.11,11.11,5.56,0,0,0,0,0,0,0,0,0,0,5.56,0
"BB3Inner.ITS.S184",16.67,16.67,16.67,0,0,8.33,16.67,0,0,0,8.33,8.33,0,0,0,16.67,0,0,0,0,0,0,0,0,8.33,0
"BB3Mineral.ITS.S186",20.57,38.29,38.86,0.57,2.29,18.86,8.57,0.57,0.57,9.14,5.71,14.86,8,2.29,7.43,13.14,3.43,0.57,0,0,0,4,1.14,1.14,1.14,0.57
"BB3Organic.ITS.S188",17.92,37.5,30,0.83,3.33,19.17,7.08,1.67,0.83,14.58,4.17,7.92,9.58,0.83,5,5.42,3.75,1.67,0.42,0,0,3.33,0.83,0,0,0
"BB3Outer.ITS.S190",25,25,25,0,0,0,0,0,0,25,25,25,12.5,12.5,0,12.5,12.5,0,0,0,0,0,0,0,0,0
"BB5Inner.ITS.S192",20,40,0,0,0,0,0,5,0,10,15,0,15,0,0,5,0,0,0,0,0,0,0,0,0,0
"BB5Mineral.ITS.S194",16.74,35.24,34.36,0,5.73,18.5,4.41,0.44,0,10.57,3.52,12.33,9.69,1.76,7.93,9.25,3.08,0,0,0,0,4.41,2.2,1.32,0.88,0
"BB5Organic.ITS.S196",18.07,29.41,28.57,0.42,4.2,17.23,5.88,0.42,0.42,10.92,2.94,7.14,8.4,0.42,4.2,2.94,3.36,0.84,0.42,0,0,5.46,2.1,0.84,0.42,0
"BB5Outer.ITS.S198",36.84,31.58,15.79,0,0,0,0,0,0,0,31.58,10.53,26.32,0,0,0,0,0,5.26,0,0,0,0,0,0,0
"BB6Inner.ITS.S200",33.33,61.11,5.56,0,0,0,0,0,0,27.78,27.78,5.56,22.22,5.56,0,0,0,0,0,0,0,0,0,0,0,0
"BB6Mineral.ITS.S202",17.62,37.7,38.93,0,3.28,19.26,6.97,0.82,0,9.84,4.1,11.89,7.79,1.23,6.56,9.43,2.05,0.41,0,0,0,5.74,2.05,1.23,1.23,0
"BB6Organic.ITS.S204",17.33,35.56,28.44,0.44,4.89,15.11,5.78,0.89,0.44,14.67,3.56,9.78,7.56,0.44,6.22,4.89,4.44,0.44,0,0,0,5.33,1.33,0,0.44,0
"BB7Mineral.ITS.S210",20.45,33.64,37.27,0.45,4.09,16.82,7.27,0.45,0.45,10,4.09,14.09,10,0.91,7.27,9.09,3.18,0.91,0,0,0,4.09,0,0,1.82,0
"BB7Organic.ITS.S212",19.33,25.65,30.11,1.12,4.09,18.59,5.2,0.74,0.37,11.9,3.72,6.69,6.32,0,3.72,3.72,5.58,0.74,0,0,0,6.32,0.74,0,0.74,0
"BB8Inner.ITS.S216",32.41,28.7,17.59,0,0.93,1.85,8.33,0,0,5.56,18.52,9.26,21.3,1.85,0,0.93,2.78,0.93,3.7,0,0,0,0,0,1.85,0
"BB8Mineral.ITS.S218",19.51,33.66,27.8,0,3.9,11.22,6.83,0,0,13.17,5.37,12.68,8.29,0.49,6.83,8.29,6.83,0.98,0.49,0,0,2.93,0.49,0.49,1.95,0
"BB8Organic.ITS.S220",18.03,30.27,24.15,0.68,2.72,9.86,5.44,1.02,0.34,9.52,3.74,10.2,7.48,0.34,7.48,7.82,3.06,1.02,1.02,0,0,3.74,1.02,0.34,0.68,0
"BB8Outer.ITS.S222",32,26.67,13.33,0,2.67,0,5.33,2.67,0,9.33,18.67,12,25.33,2.67,0,1.33,2.67,2.67,1.33,0,0,0,0,0,2.67,0
"BB9Inner.ITS.S224",23.53,44.12,41.18,0,0,23.53,8.82,0,0,8.82,5.88,11.76,11.76,0,5.88,8.82,2.94,2.94,0,0,0,2.94,0,0,0,0
"BB9Mineral.ITS.S226",22.75,31.22,40.21,0.53,3.7,22.22,10.05,0.53,0.53,12.7,3.7,12.17,9.52,0.53,6.35,6.88,4.76,0.53,0,0,0,5.82,1.06,0.53,1.59,0
"BB9Organic.ITS.S228",18.47,34.54,32.13,0,3.61,19.28,4.82,1.2,0,13.65,2.81,7.63,8.43,1.2,4.42,5.22,4.82,0.8,0,0,0.4,5.62,0.8,0,0.8,0
"BB9Outer.ITS.S230",40,20,30,0,10,10,30,10,0,0,30,20,10,0,0,0,0,0,0,0,0,0,0,0,20,0
"BBGT1Inner.ITS.S232",37.14,31.43,37.14,0,2.86,0,8.57,0,0,5.71,22.86,25.71,22.86,2.86,2.86,0,0,8.57,2.86,0,0,0,0,0,5.71,0
"BBGT1Mineral.ITS.S234",12.27,31.23,27.14,0,5.2,14.13,4.83,0,0,7.43,3.35,8.18,5.58,0.37,5.2,7.81,0.74,0.74,0,1.49,0.37,1.12,1.49,1.49,0.37,0
"BBGT1Organic.ITS.S236",17.09,34.18,19.4,0.92,5.54,9.7,5.08,2.77,0.92,10.85,3.23,7.39,12.01,0.92,3.7,3.93,1.39,1.15,0,0.69,0.23,0.46,0.69,0.69,0.92,0.23
"BBX1Inner.ITS.S240",10,10,10,0,0,0,0,0,0,0,10,0,10,0,0,0,0,0,10,0,0,0,0,0,0,0
"BBX1Mineral.ITS.S242",13.92,34.63,28.16,0.97,7.12,15.53,7.77,0.65,0.65,10.03,2.59,9.06,6.47,0.65,5.83,7.77,0.97,0.97,0,0.65,0,0.97,2.27,1.94,0.65,0
"BBX1Organic.ITS.S244",14.62,35.27,19.26,0.7,4.87,9.05,4.87,2.78,0.7,11.83,2.32,7.89,9.05,0.93,4.87,4.64,1.16,0.93,0,0.93,0,0.46,1.16,1.16,0.46,0
"BBX1Outer.ITS.S246",29.57,20,15.65,0,0,0,6.09,0,0,6.09,6.96,4.35,23.48,2.61,0,0,0.87,1.74,9.57,0,0,0,0,0,0,0
"BBX6Inner.ITS.S248",14.29,28.57,14.29,0,0,0,0,0,0,9.52,4.76,4.76,9.52,0,0,4.76,4.76,0,9.52,0,0,0,0,0,0,0
"BBX6Mineral.ITS.S250",15.76,34.98,26.6,0.99,7.88,11.58,8.62,0.74,0.74,13.55,5.91,12.32,7.88,1.97,5.42,7.14,1.23,0.99,0.25,0.74,0,0.25,0.49,0.49,1.23,0
"BBX6Organic.ITS.S252",17.03,37.93,14.87,1.29,4.96,5.39,5.6,1.72,0.43,12.28,4.53,7.76,10.13,1.51,4.31,4.53,0.65,0.65,0,0.65,0,0.65,0.43,0.43,0.65,0
"BBX6Outer.ITS.S254",9.09,9.09,27.27,0,0,0,9.09,0,0,9.09,0,18.18,9.09,9.09,0,0,0,0,9.09,0,0,0,0,0,0,0
"BBX7Inner.ITS.S256",23.53,11.76,23.53,0,0,0,0,0,0,11.76,0,5.88,17.65,5.88,0,0,0,5.88,11.76,0,0,0,0,0,0,0
"BBX7Mineral.ITS.S258",15.38,35.9,27.07,0.57,7.12,13.68,7.98,0.57,0.57,11.97,4.27,10.54,7.98,0.85,5.41,6.55,1.42,1.14,0,0.85,0,0.57,0.28,0.28,1.14,0
"BBX7Organic.ITS.S260",13.46,31.73,14.42,0.48,5.53,4.33,6.25,0.96,0.24,10.58,3.85,7.45,5.77,1.44,4.33,3.37,1.44,0.96,0,1.2,0,0.72,0,0,1.2,0
"BBX7Outer.ITS.S262",27.27,27.27,27.27,0,0,0,0,0,0,9.09,18.18,9.09,9.09,9.09,0,0,0,0,18.18,0,0,0,0,0,0,0
"BC1Mineral.ITS.S264",14.5,29,31.5,0.5,3,17,5,1,0.5,8,2.5,9.5,6,0.5,6,10,3.5,0,0,0,0.5,5.5,2,1,1.5,0
"BC1Organic.ITS.S266",18.44,31.84,27.93,0.56,4.47,13.41,7.26,0.56,0,12.29,3.35,12.29,8.94,0.56,6.7,7.26,3.35,1.68,0,0,0,5.59,2.23,0,1.68,0
"BC1Outer.ITS.S268",60,80,40,0,20,0,0,0,0,60,60,40,40,40,0,0,0,0,0,0,0,0,0,0,0,0
"BC2Inner.ITS.S270",23.68,47.37,18.42,0,0,2.63,5.26,5.26,0,13.16,13.16,18.42,21.05,0,0,0,0,0,0,0,0,0,0,0,5.26,5.26
"BC2Mineral.ITS.S272",13.89,33.33,24.6,0.4,2.78,13.89,5.95,0.4,0.4,9.13,3.17,5.56,4.37,0,2.78,14.68,4.76,0.4,0.4,0,0,3.57,0,0,0.79,0
"BC2Organic.ITS.S274",18.34,35.81,28.82,0,3.06,18.78,6.55,2.18,0,15.28,3.49,7.42,8.73,0.87,3.49,5.68,5.24,0.87,0.44,0,0,4.37,1.31,0,0.87,0
"BC2Outer.ITS.S276",17.86,10.71,10.71,0,0,0,7.14,0,0,0,10.71,10.71,10.71,0,3.57,0,0,0,0,0,0,0,0,0,7.14,0
"BC4Mineral.ITS.S280",22.56,30.83,44.36,0.75,3.76,27.82,7.52,0.75,0.75,9.02,3.76,7.52,8.27,0,4.51,6.02,3.76,0.75,0,0,0,6.77,0,0,1.5,0
"BC4Organic.ITS.S282",20.44,34.81,29.83,0.55,3.87,19.34,6.63,1.1,0.55,12.71,4.42,6.63,8.29,0,3.87,2.76,3.87,1.1,0,0,0,4.97,1.1,0,0.55,0
"BO1Mineral.ITS.S288",17.61,31.25,38.07,0,2.84,22.73,7.95,0,0,9.66,2.27,10.23,6.25,0.57,5.68,11.36,3.98,0.57,0,0,0,3.41,1.7,1.7,0,0
"BO1Organic.ITS.S290",13.68,38.42,31.05,1.58,3.16,23.68,5.26,1.58,0.53,14.21,0.53,5.79,5.79,0,3.68,6.84,5.79,0.53,0,0,0,3.68,0.53,0,0,0
"BO1Outer.ITS.S292",13.33,20,10,0,0,0,3.33,0,0,10,6.67,3.33,13.33,0,0,0,0,0,6.67,0,0,0,0,0,0,0
"CUL8RInner.ITS.S294",18.18,36.36,9.09,0,0,0,0,0,0,9.09,9.09,9.09,18.18,9.09,0,0,0,0,0,0,0,0,0,0,0,0
"CUL8RMineral.ITS.S296",14.8,33.62,20.08,0.63,4.23,8.88,6.77,0.85,0.42,9.3,4.23,8.03,7.61,0.21,4.23,6.13,2.11,0.42,0.21,0.85,0.21,0.63,1.06,0.42,0.63,0
"CUL8ROrganic.ITS.S298",1.18,5.29,2.35,0,0,0.59,0.59,0,0,1.76,0.59,0.59,0,0,0,0,0.59,0.59,0,0.59,0,0,0.59,0.59,0,0
"H101Mineral.ITS.S305",19.19,37.88,32.32,1.52,5.05,10.61,7.58,1.52,1.01,13.64,4.55,16.67,10.1,3.03,9.09,12.12,3.03,0.51,0,0,0,2.53,0,0,0.51,0
"H101Organic.ITS.S307",16.13,36.02,33.87,2.15,6.99,22.04,6.99,2.15,1.61,14.52,4.3,8.06,5.91,1.08,5.91,6.99,4.3,1.08,0,0,0,3.23,1.08,0,0,0
"H101Outer.ITS.S309",31.67,33.33,16.67,0,1.67,0,5,0,0,11.67,21.67,15,23.33,8.33,0,0,1.67,3.33,1.67,0,0,0,0,0,3.33,1.67
"H102Mineral.ITS.S313",31.88,46.38,59.42,0,1.45,34.78,8.7,1.45,0,14.49,13.04,24.64,14.49,5.8,13.04,14.49,2.9,0,1.45,0,0,8.7,2.9,0,1.45,2.9
"H102Organic.ITS.S315",18.6,26.86,26.86,0,3.31,15.7,6.2,0,0,9.92,4.13,6.61,7.44,0.41,2.89,3.31,3.72,0.83,0.41,0,0,3.72,0.41,0,0.83,0
"H102Outer.ITS.S317",32.84,34.33,16.42,0,1.49,0,8.96,0,0,11.94,23.88,17.91,23.88,4.48,1.49,1.49,1.49,0,0,0,0,0,0,0,7.46,1.49
"H103Inner.ITS.S319",27.5,42.5,30,0,2.5,0,7.5,0,0,15,15,27.5,15,7.5,5,5,5,0,0,0,0,0,0,0,2.5,0
"H103Mineral.ITS.S321",19.66,31.2,39.32,0.43,4.27,21.79,7.69,0.43,0.43,11.97,5.56,13.68,8.97,1.71,7.26,6.84,3.42,0.43,0.43,0,0,3.85,0.43,0,0.85,0.85
"H103Organic.ITS.S323",17.05,32.95,26.14,0,3.41,15.34,6.25,0,0,10.8,4.55,8.52,6.82,0.57,5.11,4.55,3.98,0.57,0.57,0,0,3.41,1.14,0,0.57,0
"HM104Inner.ITS.S143",27.91,34.88,27.91,0,4.65,0,9.3,0,0,2.33,25.58,27.91,13.95,9.3,9.3,9.3,0,0,0,0,0,0,0,0,9.3,0
"H104Mineral.ITS.S327",19.81,35.38,34.91,0.94,5.19,18.4,7.08,0.94,0.94,11.32,6.13,12.26,9.91,0.94,6.6,9.43,2.83,0.47,0.47,0,0,3.77,0.47,0,0.94,0.47
"H104Organic.ITS.S329",18.07,31.09,24.79,0.42,3.36,14.71,5.88,0.42,0,10.08,3.36,8.4,9.66,0.42,5.04,4.62,2.52,0.42,0.42,0,0,3.78,1.26,0,0.42,0
"HM104Outer.ITS.S146",37.29,44.07,16.95,0,6.78,0,10.17,0,0,13.56,28.81,15.25,23.73,8.47,0,1.69,0,0,1.69,0,0,0,0,0,5.08,1.69
"H2Inner.ITS.S331",33.93,53.57,17.86,0,10.71,1.79,7.14,0,0,25,23.21,16.07,17.86,3.57,0,0,1.79,0,1.79,0,0,0,0,0,3.57,1.79
"H2Mineral.ITS.S333",14.23,31.71,32.93,0.41,4.88,20.73,4.88,0.81,0.41,10.16,4.88,10.57,8.13,2.44,5.28,7.72,2.44,0.81,0.41,0,0,1.63,2.03,1.63,0.81,0.41
"H2Organic.ITS.S335",16.76,32.4,32.4,0,1.68,20.11,6.7,0,0,9.5,4.47,10.61,7.82,0.56,4.47,5.59,3.35,1.12,0.56,0,0,4.47,1.68,0,1.12,0
"H2Outer.ITS.S337",20.83,58.33,12.5,0,12.5,0,4.17,0,0,33.33,12.5,16.67,16.67,8.33,0,0,0,0,0,0,0,0,0,0,0,4.17
"H3Inner.ITS.S347",25.71,34.29,17.14,0,0,2.86,5.71,0,0,5.71,17.14,8.57,17.14,2.86,2.86,2.86,2.86,0,2.86,0,0,2.86,0,0,2.86,0
"H3Outer.ITS.S349",45.83,33.33,29.17,0,0,0,16.67,0,0,12.5,37.5,25,29.17,12.5,0,4.17,4.17,0,4.17,0,0,0,0,0,8.33,0
"H301Inner.ITS.S339",26.32,31.58,15.79,0,5.26,0,5.26,0,0,21.05,15.79,10.53,15.79,10.53,0,0,0,0,5.26,0,0,0,0,0,5.26,0
"H301Mineral.ITS.S341",6.25,32.81,40.62,0,1.56,34.38,3.12,0,0,6.25,1.56,4.69,1.56,0,3.12,14.06,1.56,0,0,0,0,3.12,7.81,6.25,1.56,0
"H301Organic.ITS.S343",20.08,41,33.89,0.84,3.77,21.34,7.53,0,0,15.06,3.77,8.79,8.37,0.42,5.44,5.02,5.86,0.84,0,0,0,6.28,1.26,0,0.42,0
"H301Outer.ITS.S345",33.33,22.22,5.56,0,0,0,5.56,0,0,0,27.78,11.11,27.78,0,0,0,0,0,0,0,0,0,0,0,5.56,5.56
"H4Inner.ITS.S351",60.87,43.48,21.74,0,0,0,17.39,0,0,8.7,47.83,21.74,43.48,4.35,0,0,0,0,0,0,0,0,0,0,8.7,0
"H4Organic.ITS.S353",13.09,32.98,32.98,0.52,3.66,23.04,4.71,1.57,0,13.61,2.62,7.85,6.28,0.52,4.19,6.81,3.14,1.05,1.57,0,0,3.66,2.09,0.52,0.52,0
"H4Outer.ITS.S355",28.26,36.96,15.22,0,4.35,0,2.17,0,0,15.22,26.09,17.39,26.09,8.7,2.17,2.17,0,2.17,0,0,0,0,0,0,0,2.17
"H5Inner.ITS.S357",31.91,44.68,17.02,0,6.38,0,4.26,2.13,0,19.15,14.89,8.51,25.53,6.38,2.13,0,0,2.13,6.38,0,0,0,0,0,2.13,0
"H5Mineral.ITS.S359",21.39,42.29,37.31,0,4.98,14.93,8.96,1,0,11.44,7.46,13.43,8.46,1.99,6.97,8.96,3.48,0.5,0,0,0,5.47,1,0.5,1.49,0
"H5Organic.ITS.S361",20.36,36.65,29.86,0.45,4.07,17.65,5.43,2.26,0,14.48,4.52,10.41,12.22,0.45,4.07,4.07,2.71,0.45,0.9,0,0,4.98,3.17,0.9,1.36,0.45
"H5Outer.ITS.S363",28.26,47.83,13.04,0,15.22,0,4.35,0,0,28.26,21.74,13.04,15.22,10.87,0,0,0,0,2.17,0,0,0,0,0,2.17,2.17
"HM8Inner.ITS.S149",23.08,42.31,19.23,0,0,0,7.69,0,0,3.85,7.69,23.08,15.38,0,11.54,11.54,0,0,0,0,0,0,0,0,0,7.69
"HM8Mineral.ITS.S152",22.06,34.8,38.73,0,2.94,17.16,9.31,0,0,12.75,8.33,14.71,8.82,2.45,6.37,7.84,3.43,0.49,0.98,0,0,3.92,0.98,0.49,1.96,0.49
"H8Organic.ITS.S365",20.92,32.14,35.2,1.53,3.06,20.92,9.18,1.53,1.02,10.71,3.57,9.18,7.14,1.02,6.63,8.16,4.08,0.51,1.53,0,0,4.08,1.53,0,0,0
"HM8Outer.ITS.S155",28.92,38.55,28.92,0,3.61,1.2,9.64,2.41,0,9.64,18.07,15.66,10.84,4.82,4.82,8.43,0,2.41,7.23,0,0,0,0,0,3.61,0
"H9Inner.ITS.S367",26.92,23.08,17.31,0,3.85,0,5.77,0,0,13.46,19.23,13.46,21.15,5.77,0,1.92,1.92,0,3.85,0,0,0,0,0,1.92,0
"H9Mineral.ITS.S369",20.12,37.28,37.87,1.78,6.51,18.93,7.1,1.78,1.78,11.83,3.55,13.02,9.47,1.18,6.51,9.47,1.78,0.59,0.59,0,0,4.73,1.18,0.59,1.18,0
"H9Organic.ITS.S371",21.32,34.56,34.56,1.47,5.88,18.38,8.82,1.47,1.47,12.5,5.88,8.82,5.15,0,5.88,8.82,4.41,0.74,0.74,0,0,5.88,0,0,1.47,0
"H9Outer.ITS.S373",36.36,45.45,36.36,0,0,0,0,0,0,36.36,27.27,27.27,27.27,36.36,0,0,0,0,9.09,0,0,0,0,0,0,0
"HX2Inner.ITS.S375",39.13,39.13,17.39,0,0,0,0,0,0,13.04,26.09,13.04,34.78,13.04,0,0,0,0,4.35,0,0,0,0,0,0,0
"HX2Mineral.ITS.S377",14.96,29.91,29.62,0,7.33,15.54,7.33,0.29,0,8.21,4.69,9.97,6.45,1.17,5.57,6.74,1.47,1.17,0.29,0.88,0,0.88,1.47,1.17,1.76,0
"HX2Organic.ITS.S379",14.55,32.21,19.74,0.26,6.49,8.83,2.86,1.3,0,10.91,4.42,9.09,9.35,0.78,5.19,5.71,0.78,1.04,0,0.26,0.26,1.04,0.78,0.78,0.52,0.26
"HMX3Inner.ITS.S158",30.77,58.97,30.77,0,2.56,2.56,0,2.56,0,25.64,25.64,30.77,28.21,12.82,7.69,10.26,2.56,0,0,0,0,2.56,0,0,0,2.56
"HX3Mineral.ITS.S383",16.67,36.26,27.49,0,4.97,11.99,7.89,0.58,0,10.82,5.56,12.57,7.31,0.58,7.31,9.06,2.05,0.88,0,0,0,2.05,0.29,0,1.75,0.29
"HX3Organic.ITS.S385",16.71,35.34,23.01,0.27,5.75,12.05,6.85,1.37,0.27,12.88,5.48,7.95,7.4,0.82,4.38,4.66,3.01,1.37,0.27,0.27,0,1.37,0.27,0,1.1,0.55
"HMX3Outer.ITS.S161",24,52,36,0,8,0,4,0,0,24,20,36,16,12,20,12,0,0,0,0,0,0,0,0,0,0
"HX4Inner.ITS.S387",14.81,33.33,7.41,0,3.7,0,0,0,0,22.22,14.81,3.7,14.81,3.7,0,0,0,0,3.7,0,0,0,0,0,0,0
"HX4Mineral.ITS.S389",17.41,38.46,31.17,0.4,7.69,14.57,8.91,0.81,0,12.15,4.45,13.77,7.29,0,8.91,10.12,1.21,0.81,0,0,0,1.62,0.4,0.4,2.43,0
"HX4Organic.ITS.S391",17.15,37.23,23.36,0,3.28,9.49,7.66,1.82,0,11.31,3.65,10.58,6.57,0.36,5.84,6.57,3.65,1.09,0.36,0,0,2.92,0.73,0,1.46,0
"HX4Outer.ITS.S393",22.22,11.11,3.7,0,0,0,7.41,0,0,3.7,7.41,3.7,14.81,0,0,0,3.7,0,0,0,0,0,0,0,3.7,0
"HX5Inner.ITS.S395",53.33,70,23.33,0,6.67,0,6.67,0,0,26.67,43.33,20,33.33,10,0,0,0,0,0,0,0,0,0,0,3.33,0
"HX5Outer.ITS.S397",29.41,27.45,9.8,0,0,0,7.84,0,0,7.84,23.53,9.8,21.57,3.92,0,0,0,1.96,0,0,0,0,0,0,5.88,0
"HZ1Inner.ITS.S399",32.63,41.05,20,0,2.11,4.21,4.21,1.05,0,14.74,12.63,11.58,26.32,7.37,1.05,2.11,1.05,0,1.05,0,1.05,0,0,0,0,0
"HZ1Mineral.ITS.S401",17.01,37.01,22.69,0.3,4.18,11.34,4.78,1.19,0,9.85,2.69,9.25,11.04,0,4.48,5.07,1.79,1.79,0,0.6,0,1.19,0.9,0.9,0.9,0.3
"HZ1Organic.ITS.S403",18.35,33.71,33.33,0.37,4.87,19.48,5.62,0,0,7.87,5.99,10.49,7.49,0.75,5.99,9.36,1.12,0.37,0,0.37,0,2.62,1.12,0.75,1.87,0
"ML2Inner.ITS.S407",25.37,23.88,17.91,0,1.49,0,2.99,0,0,5.97,10.45,8.96,16.42,4.48,0,1.49,1.49,4.48,2.99,0,1.49,0,0,0,2.99,0
"ML2Mineral.ITS.S409",24.42,39.63,35.94,0.92,5.07,13.36,10.14,1.38,0.92,11.06,4.15,14.29,9.22,0.46,8.76,12.44,2.76,0.46,0,0,0.46,5.99,0.92,0.46,1.38,0
"ML2Organic.ITS.S411",26.44,38.46,32.21,1.44,6.73,17.31,11.06,1.44,1.44,15.87,4.33,9.13,9.13,0.48,4.33,6.25,4.81,0.48,0,0,0.48,6.73,1.44,0,0.96,0
"ML2Outer.ITS.S413",34.62,26.92,17.31,1.92,1.92,0.96,7.69,1.92,0.96,5.77,7.69,7.69,21.15,2.88,1.92,2.88,0.96,1.92,3.85,0,0.96,0,0,0,0.96,0
"MLGPInner.ITS.S415",27.45,21.57,13.73,0,1.96,0,7.84,0,0,3.92,13.73,11.76,19.61,0,0,0,5.88,0,0,0,0,0,0,0,5.88,0
"MLGPMineral.ITS.S417",20.48,34.76,30.48,0.48,3.33,11.9,6.67,0.48,0.48,10.48,4.76,11.9,8.1,1.43,7.14,9.52,4.76,0.48,0.48,0,0,4.76,1.43,0.95,1.43,0
"MLGPOrganic.ITS.S419",19.89,34.66,36.36,1.14,3.41,20.45,7.39,0,0,13.64,3.41,9.09,4.55,0.57,5.68,5.11,6.25,0.57,0,0,0,8.52,1.14,0,0.57,0
"MLGPOuter.ITS.S421",28.72,23.4,14.89,0,1.06,1.06,11.7,0,0,5.32,11.7,11.7,18.09,2.13,2.13,3.19,3.19,0,1.06,0,0,0,0,0,4.26,0
"PB1Inner.ITS.S423",50,34.62,23.08,0,0,0,19.23,0,0,3.85,26.92,15.38,26.92,3.85,0,0,0,0,3.85,0,0,0,0,0,15.38,0
"PB1Mineral.ITS.S425",17.46,38.62,40.74,1.59,4.23,21.69,6.88,1.59,1.59,8.47,2.12,11.11,5.82,0.53,7.41,12.7,3.7,0.53,0,0,0.53,5.29,0.53,0.53,0.53,0
"PB1Organic.ITS.S427",19.2,31.7,31.7,0,4.02,14.29,5.8,0.45,0,11.16,6.7,12.05,5.36,0,7.59,7.59,4.02,0.45,0,0,0,5.36,1.34,0.45,1.34,0.45
"PB1Outer.ITS.S429",26.79,28.57,14.29,0,0,0,8.93,0,0,7.14,14.29,10.71,19.64,3.57,0,0,1.79,0,3.57,0,0,0,0,0,5.36,0
"PB2Inner.ITS.S431",20.45,38.64,18.18,0,2.27,0,0,0,0,6.82,9.09,11.36,11.36,4.55,4.55,4.55,2.27,0,6.82,0,0,0,0,0,0,0
"PB2Mineral.ITS.S433",20.95,43.33,38.1,0.95,4.76,20,9.05,0.95,0.95,11.43,5.71,11.43,10,0.48,6.19,10.48,3.33,0.48,0.48,0,0.95,3.81,0.95,0.48,0.95,0
"PB2Organic.ITS.S435",19.75,34.16,30.04,0.41,3.29,18.93,7.41,2.47,0.41,14.4,3.29,8.23,10.29,0.82,4.53,6.58,5.35,0.41,0,0,0,4.12,0.82,0,0,0
"PB2Outer.ITS.S437",9.09,9.09,18.18,0,0,0,0,0,0,0,0,4.55,4.55,4.55,0,0,0,0,13.64,0,0,0,0,0,0,0
"PB3Inner.ITS.S439",28.45,37.07,21.55,0.86,0.86,6.9,8.62,0,0,12.93,7.76,11.21,19.83,0.86,0.86,0.86,0,2.59,0.86,0,0,0.86,0,0,0.86,0.86
"PB3Mineral.ITS.S441",21.66,34.39,37.58,0.64,5.1,19.11,8.92,0.64,0.64,10.19,3.82,10.83,7.01,0,6.37,9.55,3.82,0.64,0,0,0,5.1,0.64,0.64,1.91,0
"PB3Organic.ITS.S443",19.05,34.01,27.89,0.68,3.4,16.33,6.12,0.68,0.68,11.56,3.4,7.48,6.12,0,4.76,5.44,7.48,0,0,0,0,6.12,1.36,0,0,0
"PB3Outer.ITS.S445",27.91,30.23,18.6,0,0,0,6.98,0,0,0,11.63,11.63,20.93,2.33,4.65,4.65,0,4.65,4.65,0,0,0,0,0,0,0
"PB4Inner.ITS.S447",6.94,13.89,5.56,0,0,4.17,0,1.39,0,4.17,0,1.39,6.94,0,0,0,1.39,0,0,0,0,0,0,0,0,0
"PB4Mineral.ITS.S449",21.08,36.76,40.54,0,4.32,21.08,7.57,0,0,12.97,3.78,13.51,8.65,0.54,7.03,9.73,4.86,1.62,0.54,0,0,5.41,1.08,0.54,1.62,0
"PB4Organic.ITS.S451",17.56,33.59,26.72,0.38,4.58,17.18,4.58,1.15,0,11.07,3.44,7.25,8.02,0.38,4.96,3.05,3.05,0.76,0.76,0,0,5.73,2.29,0.38,0.38,0
"PB4Outer.ITS.S453",20.83,12.5,8.33,0,0,4.17,4.17,0,0,0,12.5,4.17,16.67,0,0,0,0,0,0,0,0,0,0,0,4.17,0
"PB5Inner.ITS.S463",30,33.33,10,0,3.33,3.33,6.67,0,0,10,16.67,6.67,20,6.67,0,0,0,0,0,0,0,0,0,0,3.33,0
"PB5Mineral.ITS.S465",20.35,28.49,43.02,0,2.33,23.84,7.56,0,0,7.56,2.33,11.63,8.72,0,5.81,9.88,2.91,0.58,0,0,0,5.81,0.58,0.58,1.16,0
"PB5Organic.ITS.S467",19.19,32.32,34.85,0.51,3.03,22.73,5.56,0.51,0,10.1,1.01,7.58,8.59,0.51,5.05,5.05,4.04,0.51,0.51,0,0.51,6.06,1.52,0.51,0,0
"PB5Outer.ITS.S469",25,15.62,9.38,0,0,0,3.12,0,0,3.12,15.62,6.25,21.88,3.12,0,0,0,0,3.12,0,0,0,0,0,3.12,0
"PB501Mineral.ITS.S457",19.4,33.83,35.32,0.5,2.99,17.41,8.46,0.5,0.5,8.96,4.48,10.95,5.47,0,6.97,9.45,4.48,0,0,0,0,4.48,0.5,0.5,1.49,0
"PB501Outer.ITS.S461",40,26.67,13.33,0,0,0,10,0,0,0,23.33,10,26.67,0,0,3.33,0,0,0,0,0,0,0,0,6.67,0
"RM1Inner.ITS.S603",25,62.5,18.75,0,12.5,0,0,0,0,25,12.5,18.75,25,6.25,0,0,0,0,0,0,0,0,0,0,0,0
"RM1Mineral.ITS.S605",11.84,36.84,32.24,1.32,1.97,23.03,5.92,1.32,0.66,10.53,2.63,7.24,1.97,0,3.29,8.55,4.61,0.66,1.97,0,0,5.26,2.63,0.66,1.32,0
"RM1Organic.ITS.S607",14.12,36.16,27.68,0.56,2.26,15.82,5.65,1.13,0,13.56,3.39,8.47,3.39,0.56,5.65,6.21,5.08,0.56,0.56,0,0,6.21,1.69,0,1.13,0
"RM1Outer.ITS.S609",22.41,31.03,13.79,0,0,1.72,0,0,0,5.17,15.52,6.9,17.24,5.17,0,0,0,1.72,3.45,0,0,0,0,0,0,0
"RM10Inner.ITS.S593",34.48,31.03,29.89,0,3.45,3.45,12.64,0,0,10.34,14.94,16.09,22.99,4.6,0,0,1.15,4.6,6.9,0,0,0,0,0,5.75,1.15
"RM10Outer.ITS.S595",28.95,24.56,25.44,0,1.75,2.63,8.77,0,0,12.28,14.91,13.16,21.05,4.39,0.88,0,0,1.75,8.77,0,0,0,0,0,4.39,0
"RM14Inner.ITS.S164",33.33,33.33,16.67,0,0,0,5.56,0,0,11.11,16.67,16.67,27.78,0,5.56,0,0,0,0,0,0,0,0,0,5.56,0
"RM14Mineral.ITS.S599",20.69,38.42,36.45,0.99,4.93,16.26,10.34,0.99,0.99,12.81,3.94,14.29,8.87,0,7.88,9.85,2.96,0.49,0.49,0,0,4.43,0.99,0,0.99,0
"RM14Organic.ITS.S601",16.88,38.96,26.62,1.3,4.22,14.29,6.17,1.95,0.65,13.64,3.57,10.06,8.44,1.3,5.19,5.84,3.57,0.65,0.32,0,0.32,2.92,1.3,0.32,0.65,0.32
"RM14Outer.ITS.S167",29.09,29.09,16.36,0,0,0,5.45,0,0,12.73,14.55,10.91,23.64,5.45,1.82,1.82,0,0,3.64,0,0,0,0,0,1.82,0
"RM2Inner.ITS.S611",28.57,47.62,14.29,0,0,4.76,9.52,0,0,19.05,14.29,9.52,19.05,4.76,0,0,0,0,0,0,0,0,0,0,4.76,0
"RM2Mineral.ITS.S613",12.59,37.04,32.59,1.48,1.48,22.22,6.67,2.22,0.74,13.33,2.96,7.41,2.22,0.74,3.7,8.89,5.93,0.74,1.48,0,0,3.7,1.48,0,1.48,0
"RM2Organic.ITS.S615",13.41,37.8,28.66,1.22,2.44,17.68,5.49,2.44,0.61,14.63,3.05,6.71,3.05,0.61,4.27,6.71,4.27,0.61,1.83,0,0,5.49,1.83,0,0.61,0
"RM2Outer.ITS.S617",12.12,34.85,6.06,0,0,0,0,0,0,4.55,6.06,4.55,9.09,3.03,0,0,1.52,1.52,3.03,0,0,0,0,0,0,0
"RM3Inner.ITS.S170",20.69,32.76,24.14,0,3.45,0,3.45,0,0,8.62,10.34,18.97,15.52,8.62,8.62,10.34,0,1.72,5.17,0,0,0,0,0,1.72,0
"RM3Mineral.ITS.S173",14.76,35.71,32.86,1.9,3.33,18.1,8.57,1.43,0.95,9.05,3.81,11.43,5.24,0,6.67,14.29,3.33,0.48,0.48,0.48,0,3.33,0.95,0,1.9,0
"RM3Organic.ITS.S655",15.35,35.15,26.24,0.5,3.47,13.86,7.43,0.5,0,12.38,3.96,11.88,5.94,0.99,5.45,6.44,5.45,1.49,0,0,0,4.95,2.48,0,0.99,0
"RM3Outer.ITS.S176",25.42,20.34,15.25,0,0,1.69,8.47,1.69,0,5.08,11.86,11.86,16.95,0,3.39,3.39,0,1.69,1.69,0,0,0,0,0,5.08,0
"RM301Mineral.ITS.S627",23.18,41.72,37.75,0.66,5.3,12.58,7.95,1.99,0.66,14.57,8.61,17.88,9.27,1.32,9.27,15.23,4.64,1.32,0.66,0,0,5.3,1.99,1.32,1.99,0
"RM301Organic.ITS.S629",17.04,33.63,31.84,0,4.04,16.59,4.93,0,0,12.11,4.04,9.87,6.73,0.45,5.83,6.73,2.69,0.45,0,0,0,5.83,1.79,0.45,0.45,0
"RM301AInner.ITS.S619",15,15,20,0,0,0,0,0,0,10,15,10,15,10,0,0,0,0,10,0,0,0,0,0,0,0
"RM301AOuter.ITS.S621",33.93,44.64,19.64,0,0,1.79,5.36,0,0,10.71,19.64,7.14,23.21,8.93,0,3.57,1.79,1.79,7.14,0,0,0,0,0,1.79,0
"RM301BInner.ITS.S623",38.24,35.29,11.76,0,0,0,8.82,0,0,5.88,14.71,8.82,29.41,2.94,0,0,0,0,2.94,0,0,0,0,0,0,2.94
"RM301BOuter.ITS.S625",48.21,37.5,23.21,0,0,0,8.93,0,0,8.93,26.79,16.07,39.29,8.93,1.79,5.36,1.79,1.79,3.57,0,0,0,0,0,5.36,0
"RM302Inner.ITS.S631",22.86,37.14,28.57,0,2.86,2.86,8.57,0,0,11.43,14.29,17.14,14.29,2.86,2.86,2.86,2.86,0,8.57,0,0,0,0,0,5.71,0
"RM302Mineral.ITS.S633",19.82,38.77,31.72,0,3.52,13.66,7.49,0.44,0,12.78,4.41,12.33,9.69,0.88,6.61,10.13,3.08,0.88,0,0,0.44,3.96,1.32,0.88,0.44,0
"RM302Organic.ITS.S635",18.38,39.46,32.97,0,4.86,20.54,7.03,0,0,15.68,3.24,9.73,7.57,1.08,5.95,7.57,5.41,1.08,0.54,0,0,5.41,1.62,0,0,0
"RM302Outer.ITS.S637",26.47,35.29,20.59,0,0,0,0,0,0,8.82,23.53,5.88,17.65,5.88,0,2.94,0,0,14.71,0,0,0,0,0,0,0
"RM303Inner.ITS.S639",12.5,18.75,12.5,0,0,0,6.25,0,0,12.5,6.25,6.25,12.5,0,0,0,0,0,6.25,0,0,0,0,0,0,0
"RM303Mineral.ITS.S641",19.19,37.88,32.83,0.51,4.04,12.12,9.6,0.51,0.51,8.59,5.05,12.12,7.07,0.51,6.57,11.11,3.03,0,0,0.51,0.51,4.55,1.01,0.51,2.53,0
"RM303Organic.ITS.S643",21.82,34.09,31.36,0.45,2.27,15.91,8.64,0.45,0,12.27,5.45,10,6.82,0.45,4.09,7.27,4.55,0.91,0.45,0,0,6.36,1.36,0.45,2.27,0
"RM303Outer.ITS.S645",17.02,36.17,8.51,0,2.13,0,0,0,0,12.77,12.77,8.51,12.77,2.13,2.13,4.26,2.13,0,2.13,0,0,0,0,0,0,0
"RM304Inner.ITS.S647",40,65,20,0,20,0,0,0,0,15,35,25,35,20,0,0,0,0,0,0,0,0,0,0,0,5
"RM304Mineral.ITS.S649",21.11,38.89,36.11,0,3.89,13.33,11.67,0.56,0,13.33,6.11,15.56,7.78,0.56,8.33,8.89,4.44,1.11,0.56,0,0,4.44,0,0,2.78,0
"RM304Organic.ITS.S651",22.88,36.53,32.47,1.11,4.43,14.39,10.7,1.11,0.37,14.39,5.9,13.65,7.75,1.48,7.01,6.64,3.69,1.48,1.11,0,0.37,4.8,1.48,0.37,2.21,0
"RM304Outer.ITS.S653",20.83,20.83,12.5,0,0,0,8.33,0,0,4.17,16.67,8.33,12.5,4.17,0,0,0,0,4.17,0,0,0,0,0,4.17,0
"RM4Inner.ITS.S657",12.9,32.26,6.45,0,0,0,0,0,0,9.68,9.68,6.45,12.9,6.45,0,0,0,0,0,0,0,0,0,0,0,0
"RM4Mineral.ITS.S659",10.63,29.13,24.41,0.39,2.76,12.99,5.51,0.39,0.39,8.66,4.72,7.87,3.54,0.79,3.54,10.24,3.94,0.79,0.39,0.39,0,2.36,1.57,0.79,1.57,0
"RM4Organic.ITS.S661",15.53,38.35,29.13,0.49,1.94,18.93,4.85,0.97,0,15.53,2.43,8.74,6.8,0,5.83,6.8,5.83,0.49,0.49,0,0,5.34,2.43,0,0.49,0
"RM4Outer.ITS.S663",22.41,27.59,17.24,0,5.17,3.45,3.45,0,0,17.24,10.34,10.34,20.69,5.17,0,0,0,0,3.45,0,0,0,0,0,1.72,0
"RM5Inner.ITS.S685",10,23.33,13.33,0,6.67,3.33,3.33,0,0,13.33,6.67,10,6.67,0,0,0,3.33,0,0,0,0,0,0,0,3.33,0
"RM5Mineral.ITS.S687",16.33,34.18,25.51,0.51,2.55,14.29,7.14,0.51,0.51,9.18,3.06,7.14,6.12,0,4.59,10.2,2.55,0.51,1.02,0,0.51,5.61,2.04,0,0,0.51
"RM5Organic.ITS.S691",13.94,35.15,30.91,1.21,1.21,19.39,6.06,1.21,0.61,12.73,2.42,9.09,6.67,1.21,4.24,10.3,5.45,0.61,1.21,0,0,4.24,1.82,0,0,0
"RM5Outer.ITS.S693",16.36,20,10.91,0,0,1.82,1.82,0,0,5.45,12.73,7.27,12.73,5.45,0,1.82,0,0,1.82,0,0,0,0,0,1.82,0
"RM501Inner.ITS.S665",28.81,16.95,15.25,0,0,1.69,1.69,1.69,0,10.17,13.56,11.86,23.73,6.78,0,3.39,1.69,0,1.69,0,0,0,0,0,0,0
"RM501Mineral.ITS.S667",16.11,31.75,34.12,0.47,4.27,20.38,5.21,0.47,0,10.9,2.37,10.43,8.06,0,5.21,11.85,3.32,0.47,0,0,0,2.84,0.95,0.95,0.95,0
"RM501Organic.ITS.S669",18.77,38.31,34.1,0.77,3.45,22.99,7.66,1.92,0.38,14.94,4.21,6.9,8.05,0.38,3.83,8.43,6.9,0.38,0,0,0.38,2.68,0.77,0,0.77,0
"RM501Outer.ITS.S671",35,40,22.5,0,2.5,2.5,10,0,0,20,22.5,15,30,12.5,0,0,0,0,2.5,0,0,0,0,0,2.5,0
"RM502Mineral.ITS.S675",19.54,37.93,37.93,1.15,5.75,20.11,8.62,1.15,1.15,13.79,4.02,11.49,8.62,0,6.32,13.79,2.87,0.57,0,0,0,3.45,0,0,1.72,0
"RM502Organic.ITS.S677",14.92,38.31,22.98,2.02,3.23,14.11,6.05,1.61,0.4,14.52,2.42,7.66,6.85,0,6.05,5.65,4.44,0.81,0,0,0,2.42,0.81,0,0,0
"RM502Outer.ITS.S679",31.03,22.41,20.69,0,0,0,5.17,1.72,0,6.9,13.79,12.07,20.69,5.17,0,1.72,0,0,5.17,0,1.72,0,0,0,3.45,0
"RM503Inner.ITS.S179",28.57,42.86,17.86,0,3.57,0,10.71,3.57,0,14.29,14.29,14.29,17.86,7.14,3.57,3.57,3.57,0,3.57,0,0,0,0,0,3.57,0
"RM503Mineral.ITS.S681",17.67,38.6,38.14,0,4.19,19.53,8.37,0,0,11.63,6.05,13.49,6.98,0.93,7.44,11.16,2.79,0.47,0,0.47,0,3.26,1.4,0.93,0.93,0
"RM503Organic.ITS.S683",15.35,38.6,32.02,0.88,3.51,21.93,4.39,0.88,0,14.04,3.51,7.46,5.26,1.32,4.82,4.82,4.82,1.32,0.44,0,0,3.95,1.32,0.44,0,0
"RM503Outer.ITS.S182",30.36,33.04,19.64,0,0.89,3.57,8.93,0.89,0,4.46,15.18,11.61,17.86,5.36,2.68,3.57,0.89,2.68,2.68,0,0,0,0,0,1.79,0
"RMS1Mineral.ITS.S697",14.16,30.04,26.18,0.86,3.43,13.73,5.15,0.86,0.86,8.15,2.15,8.15,5.58,0,4.72,10.73,2.58,0.43,0,0,0,4.29,0.86,0,0.86,0
"RMS1Organic.ITS.S699",14.01,34.85,26.38,0.33,3.58,13.03,5.54,1.3,0.33,11.07,3.26,8.47,7.49,0.65,4.89,7.17,3.91,0.33,1.63,0.98,0,3.26,1.3,0.33,0.65,0
"RMS1Outer.ITS.S701",30.56,25,11.11,0,0,2.78,2.78,5.56,0,11.11,8.33,5.56,25,2.78,0,2.78,0,0,2.78,0,0,0,0,0,0,0
"RO1Mineral.ITS.S761",16.49,29.38,34.02,0,3.61,17.01,4.12,0.52,0,8.25,3.61,10.82,6.7,1.03,6.7,7.22,2.06,0.52,0,0,0,6.7,3.09,1.55,0.52,0
"RO1Organic.ITS.S763",16.36,31.31,25.23,0,2.34,16.36,3.27,1.4,0,7.94,3.27,7.48,8.41,0.93,4.67,3.74,1.4,1.4,0.47,0,0,5.14,2.8,0.47,0,0
"RO1Outer.ITS.S765",31.68,21.78,15.84,0,0,1.98,6.93,0,0,2.97,15.84,8.91,23.76,2.97,0,0.99,0,0,5.94,0,0,0,0,0,3.96,0.99
"RO10Mineral.ITS.S739",19.13,36.07,36.07,0.55,3.83,15.85,9.29,0.55,0.55,8.74,3.28,14.21,6.56,0.55,7.65,10.38,2.19,0.55,0.55,0,0,5.46,0.55,0,2.19,0.55
"RO10Organic.ITS.S741",18.45,33.5,31.07,0.49,4.85,15.53,7.28,0.49,0.49,9.22,4.37,10.19,6.31,0,7.28,7.28,3.4,0.97,0,0,0,5.34,0.97,0,0.49,0
"RO10Outer.ITS.S743",30.16,17.46,22.22,0,1.59,0,3.17,0,0,4.76,12.7,12.7,25.4,3.17,0,0,1.59,1.59,12.7,0,0,0,0,0,3.17,3.17
"RO101Mineral.ITS.S705",19.84,36.96,35.02,0,4.28,15.95,7.78,0.39,0,12.84,5.84,14.4,10.12,1.56,7,11.28,3.5,0.39,0,0,0.39,3.89,0,0,0.39,0.39
"RO101Organic.ITS.S707",19.72,36.7,33.03,0.46,5.96,21.56,7.8,0,0,15.6,4.59,7.34,6.88,1.38,5.05,4.13,5.05,0.92,0.46,0,0,5.05,0.92,0,0,0
"RO101Outer.ITS.S709",10.53,15.79,15.79,0,5.26,0,0,0,0,15.79,5.26,10.53,10.53,5.26,0,0,0,0,5.26,0,0,0,0,0,0,0
"RO102Inner.ITS.S185",29.73,40.54,24.32,0,0,2.7,2.7,0,0,13.51,13.51,21.62,27.03,5.41,8.11,8.11,0,0,0,0,0,0,0,0,0,0
"RO102Mineral.ITS.S711",21.37,36.32,38.03,0.85,5.56,17.52,9.4,1.28,0.43,15.38,5.98,14.53,9.83,1.28,6.84,9.83,2.99,0.85,0,0,0.43,2.99,0.43,0.43,2.14,0
"RO102Organic.ITS.S713",16.88,30.8,34.6,0,5.06,21.52,6.33,0,0,13.08,3.8,8.86,8.02,0.84,5.06,5.06,3.8,1.27,0.42,0,0,3.38,0.84,0.42,0,0
"RO102Outer.ITS.S188",29.03,48.39,25.81,0,0,0,6.45,0,0,12.9,22.58,32.26,29.03,12.9,12.9,12.9,3.23,0,0,0,0,0,0,0,0,6.45
"RO103Inner.ITS.S715",26.67,53.33,20,0,6.67,0,0,0,0,33.33,26.67,20,13.33,6.67,0,6.67,6.67,0,0,0,0,0,0,0,0,0
"RO103Mineral.ITS.S717",18.95,36.69,35.89,0,4.44,16.13,7.66,0,0,13.31,4.03,13.31,8.47,0.81,6.05,8.06,3.23,0.81,0.4,0,0,4.84,1.21,1.21,1.21,0
"RO103Organic.ITS.S719",18,31.33,36,0,4.67,22.67,7.33,0,0,12.67,2,8,5.33,0,5.33,6,4.67,0.67,0,0,0,8,2,0.67,0,0
"RO103Outer.ITS.S721",56.67,43.33,26.67,0,6.67,0,10,6.67,0,30,30,26.67,36.67,16.67,0,0,0,3.33,3.33,0,0,0,0,0,3.33,3.33
"RO104Mineral.ITS.S723",20,34.44,33.89,0,3.89,13.89,8.89,0,0,10,4.44,14.44,9.44,0.56,8.89,10,1.67,0.56,0,0,0,3.89,1.11,1.11,1.67,0
"RO104Organic.ITS.S725",11.98,25.52,28.65,0,4.17,18.75,4.17,1.04,0,10.42,1.04,6.77,6.77,1.04,5.21,4.69,3.65,1.04,0.52,0,0,3.12,0.52,0,0,0
"RO104Outer.ITS.S727",29.67,24.18,10.99,0,0,0,6.59,2.2,0,5.49,9.89,6.59,21.98,4.4,2.2,2.2,1.1,0,5.49,0,0,0,0,0,1.1,1.1
"RO105Mineral.ITS.S731",21.65,38.19,34.25,0.39,5.12,14.57,9.06,0.39,0.39,12.99,5.91,14.57,9.84,0.79,7.48,10.24,3.15,0.79,0,0,0,3.15,0,0,1.97,0
"RO105Organic.ITS.S733",13.64,28.79,26.89,0.76,2.65,18.56,4.92,0.38,0,10.61,3.03,6.82,5.68,0.38,3.79,4.92,4.92,0.38,0,0,0,1.89,0.38,0,0.76,0
"RO105Outer.ITS.S735",37.78,31.11,17.78,0,2.22,0,0,2.22,0,8.89,22.22,2.22,33.33,2.22,0,0,0,0,15.56,0,0,0,0,0,0,0
"RO11Inner.ITS.S745",50,62.5,37.5,0,12.5,0,12.5,0,0,50,37.5,37.5,37.5,25,0,0,0,0,0,0,0,0,0,0,0,0
"RO11Organic.ITS.S747",17.5,40.5,32,0.5,4,21,6.5,1,0.5,14.5,2.5,8,8,0,6,5.5,6,0.5,0,0,0,5,1.5,0,0,0
"RO11Outer.ITS.S749",30.77,38.46,30.77,0,7.69,0,15.38,0,0,30.77,15.38,30.77,30.77,15.38,0,0,0,0,0,0,0,0,0,0,0,7.69
"RO13Organic.ITS.S755",19.8,33.66,28.71,1.98,1.98,17.82,6.93,1.98,0.99,6.93,0.99,7.92,9.9,0,4.95,9.9,3.96,0.99,0,0,0,3.96,0.99,0,0,0
"RO13Outer.ITS.S757",38.89,33.33,22.22,0,5.56,0,11.11,0,0,22.22,33.33,27.78,33.33,11.11,0,0,0,0,0,0,0,0,0,0,5.56,5.56
"RO2Inner.ITS.S767",34.21,39.47,28.95,2.63,2.63,15.79,13.16,2.63,2.63,10.53,10.53,10.53,18.42,0,2.63,5.26,2.63,0,0,0,0,0,0,0,2.63,0
"RO2Mineral.ITS.S769",19.28,33.33,38.96,0,3.21,22.89,7.23,0.4,0,13.65,3.61,11.24,7.63,0.8,6.83,6.83,4.42,0.4,0.4,0,0.4,6.43,2.01,0.8,1.2,0.4
"RO2Organic.ITS.S771",13.1,42.86,33.33,0,5.95,24.4,5.95,0,0,17.86,1.19,7.14,4.76,0,5.95,7.14,5.95,0.6,0.6,0,0,4.76,1.79,0,0,0
"RO2Outer.ITS.S773",19.57,23.91,8.7,0,0,0,6.52,0,0,6.52,10.87,8.7,10.87,6.52,0,2.17,0,0,0,0,0,0,0,0,4.35,0
"RO3Inner.ITS.S191",13.24,61.76,17.65,0,4.41,1.47,7.35,0,0,20.59,8.82,16.18,10.29,4.41,1.47,5.88,7.35,0,0,0,0,0,0,0,2.94,0
"RO3Mineral.ITS.S775",22.41,33.2,38.59,0.41,4.15,17.84,10.79,0.83,0.41,11.2,5.39,14.11,8.3,1.24,6.22,7.05,2.9,1.24,0.41,0,0.41,3.73,1.24,0.83,2.49,0
"RO3Organic.ITS.S777",16.27,30.62,25.84,0.48,2.39,15.31,5.26,0.96,0,11,3.83,10.05,5.74,0.48,6.22,4.31,2.39,0.96,0.48,0,0,4.78,1.91,0,0.96,0.48
"RO3Outer.ITS.S194",44.44,44.44,25.93,0,1.85,0,7.41,0,0,20.37,16.67,22.22,35.19,9.26,1.85,5.56,0,0,0,0,0,0,0,0,3.7,0
"RO7Inner.ITS.S779",13.79,44.83,13.79,0,6.9,0,0,3.45,0,17.24,6.9,13.79,13.79,3.45,0,6.9,0,3.45,0,0,0,0,0,0,3.45,0
"RO7Organic.ITS.S781",18.44,39.34,34.02,0.82,3.69,24.18,8.2,0.82,0.41,12.7,2.46,8.2,6.97,0,6.15,6.15,6.15,1.23,0,0,0.41,2.46,0.82,0.41,0,0
"RO7Outer.ITS.S783",32.04,26.21,19.42,0.97,0,0,9.71,2.91,0,12.62,17.48,12.62,17.48,5.83,1.94,1.94,0,0.97,5.83,0,0.97,0,0,0,5.83,0
"RO7slash8Mineral.ITS.S785",22.27,35.07,39.34,0.47,3.32,19.91,8.53,0.47,0.47,9.95,3.79,13.74,10.9,0.47,9,10.43,3.79,0.47,0,0,0,4.27,0.95,0.47,0.47,0
"RO8Inner.ITS.S787",33.33,55.56,11.11,0,5.56,0,5.56,0,0,22.22,22.22,11.11,5.56,0,0,5.56,5.56,0,0,0,0,0,0,0,5.56,0
"RO8Outer.ITS.S789",26.67,16.67,30,0,0,3.33,10,0,0,13.33,20,23.33,20,10,0,6.67,0,0,3.33,0,0,0,0,0,6.67,0
"RO9Mineral.ITS.S793",18.64,42.37,38.98,0,5.65,18.64,6.78,0,0,12.43,2.82,12.43,9.04,0,7.91,12.43,2.82,0,0,0,0.56,5.08,1.69,1.13,1.13,0
"RO9Organic.ITS.S795",13.13,30.3,32.32,0,4.55,19.7,3.03,0.51,0,9.09,2.53,7.07,4.04,0,5.56,4.55,3.03,0.51,0,0,0,6.06,1.01,0,1.52,0
"RO9Outer.ITS.S797",10,15,10,0,0,0,0,0,0,10,10,5,10,5,0,0,0,0,5,0,0,0,0,0,0,0
"ROBowserInner.ITS.S197",32.5,45,22.5,0,5,0,10,0,0,17.5,12.5,20,17.5,5,10,10,2.5,2.5,0,0,0,0,0,0,0,0
"ROBowserOuter.ITS.S200",21.62,37.84,13.51,0,2.7,0,5.41,2.7,0,8.11,16.22,13.51,18.92,10.81,2.7,5.41,0,0,0,0,0,0,0,0,0,0
"SA1Mineral.ITS.S801",16.72,36.18,26.28,0.68,5.46,8.87,7.85,0.68,0.68,9.22,5.46,12.29,7.17,1.71,6.14,11.6,1.37,1.37,0,0,0.34,1.02,0.34,0.34,1.02,0
"SA1Organic.ITS.S803",15.33,36.61,17.85,0.46,5.26,6.18,4.58,1.14,0.23,11.9,2.97,8.7,10.53,1.37,4.12,5.03,1.14,0.92,0.46,0.23,0.23,0.23,0,0,0.23,0
"SA1Outer.ITS.S805",37.5,32.07,21.2,0,1.09,1.63,7.61,0.54,0,9.78,16.85,15.76,26.63,6.52,0.54,1.63,0,0.54,3.26,0,0.54,0,0,0,1.63,0.54
"SH1Mineral.ITS.S809",19.82,33.64,41.01,0.92,5.99,24.42,7.37,0,0,11.52,5.53,14.29,11.52,0.92,8.76,8.76,1.38,0.46,0.46,0,0,2.3,1.84,1.84,1.84,0.46
"SH1Organic.ITS.S811",14.67,32,24.8,0.53,4.8,14.93,3.47,2.4,0.27,8.8,2.93,7.73,8.8,0.53,5.6,4.53,0.53,0.8,0,0,0,1.33,1.07,1.07,0.53,0.27
"SH1Outer.ITS.S813",30.56,19.44,16.67,0,0,0,11.11,0,0,5.56,19.44,8.33,19.44,2.78,0,0,0,2.78,2.78,0,0,0,0,0,5.56,0
"SM1Mineral.ITS.S861",17.41,43.7,18.89,0.74,5.56,1.85,8.89,0.74,0.74,11.48,6.67,13.33,6.67,1.48,6.67,12.59,1.48,1.48,0.37,0.74,0.37,0.74,0,0,1.48,0
"SM1Outer.ITS.S865",27.27,9.09,36.36,0,0,0,0,0,0,9.09,9.09,9.09,9.09,9.09,0,9.09,9.09,0,27.27,0,0,0,0,0,0,0
"SM10Inner.ITS.S815",12.12,21.21,15.15,0,0,0,0,3.03,0,6.06,0,6.06,9.09,3.03,6.06,6.06,0,0,6.06,0,0,0,0,0,0,0
"SM10Mineral.ITS.S817",16,44.36,22.18,0.73,5.82,1.82,9.45,0.36,0.36,13.09,5.45,13.45,4,0.73,8,15.27,1.09,1.82,0,2.18,0,1.09,0,0,1.09,0
"SM10Organic.ITS.S819",19.81,48.31,20.77,0.48,6.28,2.17,9.18,1.21,0.48,19.08,5.8,13.77,9.42,1.93,6.28,9.18,1.69,1.69,0.24,1.69,0.24,0.72,0,0,0.48,0
"SM10Outer.ITS.S821",20.83,39.58,20.83,0,0,0,6.25,2.08,0,18.75,6.25,8.33,14.58,2.08,0,2.08,0,0,10.42,0,0,0,0,0,2.08,0
"SM11Inner.ITS.S823",25,25,0,0,0,0,0,6.25,0,6.25,0,0,25,0,0,0,0,0,0,0,0,0,0,0,0,0
"SM11Mineral.ITS.S825",15.23,39.37,21.84,0,4.6,4.6,5.75,0.86,0,11.78,5.17,13.22,7.18,0.86,6.61,11.49,2.59,1.15,0,0.86,0,1.15,0,0,0.86,0.29
"SM11Outer.ITS.S829",21.88,37.5,9.38,0,3.12,0,6.25,0,0,18.75,15.62,12.5,12.5,3.12,3.12,6.25,3.12,0,0,0,0,0,0,0,3.12,3.12
"SM12Inner.ITS.S831",35.71,14.29,21.43,0,0,0,0,0,0,7.14,14.29,14.29,21.43,14.29,0,0,0,0,7.14,0,0,0,0,0,0,0
"SM12Mineral.ITS.S833",12.47,35.16,18.45,0,4.49,5.24,5.24,0.5,0,12.22,4.49,10.97,6.48,1.5,4.74,8.23,2.74,1.5,0,0.75,0,0.25,0.25,0.25,1,0
"SM12Outer.ITS.S837",15.79,5.26,10.53,0,0,0,0,0,0,0,5.26,5.26,5.26,5.26,0,0,0,0,5.26,0,0,0,0,0,0,0
"SM13Inner.ITS.S839",14.29,14.29,14.29,0,0,0,0,0,0,14.29,14.29,14.29,14.29,14.29,0,0,0,0,0,0,0,0,0,0,0,0
"SM13Mineral.ITS.S841",13.55,34.02,21.23,0.51,7.16,6.39,7.16,0.77,0.51,11.51,4.6,11.51,5.12,0.26,4.86,7.93,1.79,1.53,0,0.77,0,0.77,0.26,0.26,1.79,0
"SM13Organic.ITS.S843",15.04,36.59,17.54,0,3.51,5.01,6.02,0,0,12.78,3.51,9.52,8.77,1,3.51,5.51,2.76,1.25,0.25,0.75,0.5,0.25,0.25,0.25,1.25,0
"SM13Outer.ITS.S845",17.39,30.43,13.04,0,0,4.35,8.7,4.35,0,30.43,0,0,21.74,0,0,0,0,0,8.7,0,0,0,0,0,0,0
"SM14Inner.ITS.S847",12.5,12.5,12.5,0,12.5,0,0,0,0,0,12.5,12.5,12.5,12.5,0,0,0,0,0,0,0,0,0,0,0,0
"SM14Mineral.ITS.S849",13.73,34.64,15.36,0.33,4.58,1.96,6.54,0.65,0.33,11.11,4.58,10.13,5.56,0.65,5.23,8.82,1.31,1.63,0,1.96,0,0,0.33,0.33,0.65,0
"SM15Inner.ITS.S855",8.57,22.86,11.43,0,2.86,0,0,0,0,14.29,8.57,8.57,5.71,5.71,0,2.86,5.71,0,2.86,0,0,0,0,0,0,0
"SM15Organic.ITS.S857",15.34,38.1,13.23,0.26,5.56,1.06,5.56,0.79,0.26,12.7,5.03,9.79,7.67,1.06,5.29,7.67,1.32,1.85,0,0.79,0,0.26,0,0,0.53,0
"SM15Outer.ITS.S859",11.54,42.31,11.54,0,7.69,0,0,0,0,23.08,7.69,7.69,11.54,3.85,0,3.85,0,0,3.85,0,0,0,0,0,0,0
"SM2Inner.ITS.S867",22.22,22.22,11.11,0,0,0,5.56,0,0,5.56,16.67,11.11,22.22,0,0,0,5.56,0,5.56,0,0,0,0,0,0,5.56
"SM2Mineral.ITS.S869",17.74,42.58,18.71,0.65,6.45,1.61,7.1,0.65,0.65,12.9,6.45,10.97,7.1,0.97,6.77,11.29,2.58,1.61,0.32,1.61,0.32,1.29,0,0,0.97,0
"SM2Organic.ITS.S871",19.59,46.78,21.35,0,4.97,0.58,9.06,0.58,0,14.62,6.14,13.74,7.89,1.46,6.73,9.06,2.34,1.75,0,1.46,0.29,0.88,0,0,1.17,0
"SM2Outer.ITS.S873",15.79,5.26,10.53,0,0,0,0,0,0,5.26,5.26,0,5.26,5.26,0,0,0,0,10.53,0,0,0,0,0,0,0
"SM3Inner.ITS.S875",23.81,42.86,19.05,0,4.76,0,4.76,0,0,23.81,14.29,9.52,4.76,0,0,4.76,4.76,0,0,0,0,0,0,0,0,0
"SM3Mineral.ITS.S877",20.25,50.21,23.21,1.27,6.75,2.53,13.5,0.84,0.84,15.61,8.44,15.61,5.06,1.27,8.44,14.77,2.53,1.69,0,0.84,0,1.27,0,0,1.27,0
"SM3Organic.ITS.S879",22.84,51.85,20.99,0,6.79,0.31,10.8,0,0,20.06,9.57,16.36,10.8,2.47,6.17,7.72,3.7,1.85,0,1.23,0,0.93,0,0,1.54,0
"SM3Outer.ITS.S881",15.38,15.38,0,0,0,0,0,0,0,7.69,0,0,15.38,0,0,0,0,0,0,0,0,0,0,0,0,0
"SM4Inner.ITS.S883",16.67,16.67,27.78,0,0,0,0,0,0,16.67,16.67,16.67,11.11,11.11,0,0,0,0,11.11,0,0,0,0,0,0,0
"SM4Mineral.ITS.S885",19.58,44.76,23.08,0.35,5.59,1.4,10.84,0.35,0.35,13.29,7.69,16.08,6.99,2.45,7.69,13.64,2.1,2.45,0,1.75,0,1.05,0,0,1.4,0
"SM4Organic.ITS.S887",20.45,44.44,20.2,0.51,4.04,1.01,10.35,0.51,0,14.9,7.58,12.88,7.07,1.52,6.06,8.59,3.03,2.02,0.25,3.03,0,1.52,0,0,0.76,0
"SM4Outer.ITS.S889",19.35,22.58,22.58,0,0,0,0,0,0,6.45,9.68,9.68,19.35,3.23,0,0,0,0,12.9,0,0,0,0,0,0,0
"SM5Mineral.ITS.S891",19.33,44.24,24.91,1.12,6.69,1.49,10.41,1.12,0.74,13.01,6.69,13.38,6.32,1.49,6.69,11.15,2.23,1.86,0,3.72,0.37,1.86,0,0,0.74,0
"SM5Organic.ITS.S893",20,44.85,20,0.3,5.76,0.61,10.3,0.3,0.3,16.36,7.88,13.64,7.27,2.42,4.85,7.58,2.12,1.82,0.61,1.21,0.61,1.21,0,0,1.21,0
"SM5Outer.ITS.S895",22.22,33.33,22.22,0,0,0,11.11,0,0,33.33,11.11,22.22,22.22,22.22,0,0,0,0,0,0,0,0,0,0,0,0
"SM6Inner.ITS.S897",4.44,11.11,2.22,0,6.67,0,0,0,0,8.89,2.22,2.22,2.22,0,0,2.22,2.22,0,0,0,0,0,0,0,0,0
"SM6Mineral.ITS.S899",19.93,45.29,22.83,0,6.16,0.36,9.42,0.36,0,13.41,8.7,14.86,8.33,2.9,6.16,11.59,1.81,1.81,0.36,1.81,0,1.09,0,0,1.45,0
"SM6Organic.ITS.S901",19.88,47.83,27.33,1.24,6.83,3.73,11.8,1.86,1.24,15.53,6.83,13.66,6.21,2.48,6.83,13.04,1.86,1.24,0.62,2.48,0,1.86,0,0,1.24,0
"SM6Outer.ITS.S903",13.64,15.15,3.03,0,0,0,1.52,0,0,3.03,10.61,1.52,6.06,1.52,0,0,0,0,1.52,0,0,0,0,0,0,0
"SM7Inner.ITS.S905",0,8.33,0,0,8.33,0,0,0,0,8.33,0,0,0,0,0,0,0,0,0,0,0,0,0,0,0,0
"SM7Mineral.ITS.S907",17.33,54.46,28.22,0.99,9.41,1.98,10.4,0.99,0.99,17.82,6.44,17.82,4.95,0.99,10.89,16.83,2.97,2.97,0,0.99,0.5,0.99,0,0,1.49,0
"SM7Organic.ITS.S909",18.86,45.12,22.56,0.67,5.72,1.01,10.1,0.67,0.34,15.82,6.06,13.8,7.74,2.02,7.07,9.76,2.69,1.68,0,2.69,0,1.01,0,0,0.67,0
"SM7Outer.ITS.S911",20.83,33.33,14.58,0,0,0,4.17,0,0,14.58,10.42,10.42,14.58,2.08,0,0,0,0,4.17,0,0,0,0,0,2.08,0
"SM8Inner.ITS.S913",0,2.13,0,0,0,0,0,0,0,0,0,0,0,0,0,2.13,0,0,0,0,0,0,0,0,0,0
"SM8Mineral.ITS.S915",14.6,38.51,19.25,0.31,5.59,1.24,7.45,0.62,0.31,12.11,4.35,11.8,5.59,0.62,7.45,11.8,1.24,0.93,0.31,1.86,0.31,0.93,0,0,0.93,0
"SM8Organic.ITS.S917",17.49,40.15,20.44,0.25,5.17,1.72,9.11,0.74,0,15.27,6.16,11.58,6.9,1.48,5.91,8.62,1.72,1.72,0,3.45,0,0.99,0,0,0.49,0
"SM8Outer.ITS.S919",8.43,15.66,4.82,0,0,0,0,1.2,0,8.43,3.61,2.41,7.23,0,0,1.2,1.2,1.2,2.41,0,0,0,0,0,0,0
"SM9Inner.ITS.S921",14.29,19.05,9.52,0,4.76,0,4.76,0,0,14.29,9.52,9.52,9.52,0,0,4.76,4.76,0,0,0,0,0,0,0,0,0
"SM9Mineral.ITS.S923",16.77,51.55,23.6,1.24,6.83,1.86,8.7,1.24,1.24,13.66,6.21,14.29,4.35,0.62,10.56,18.63,0.62,1.24,0,1.86,0,1.24,0,0,1.24,0
"SM9Organic.ITS.S925",19.36,42.65,22.79,0.49,5.88,1.23,9.56,1.47,0.25,13.73,6.62,13.48,6.13,1.72,7.35,10.29,1.96,2.21,0.25,3.19,0,0.98,0,0,0.49,0
"SM9Outer.ITS.S927",20,45.45,20,0,5.45,0,5.45,5.45,0,20,5.45,10.91,12.73,0,7.27,9.09,0,0,3.64,0,0,1.82,0,0,0,0
"WA1Mineral.ITS.S995",15.3,35.69,18.7,0.85,5.95,3.12,7.65,0.85,0.57,11.9,5.38,11.33,6.23,0.85,5.95,9.07,3.12,0.85,0,1.7,0,0.57,0,0,0.85,0
"WA1Organic.ITS.S997",12.09,32.99,13.52,0.41,3.48,2.66,5.12,0.82,0,10.25,3.28,8.2,6.35,0.61,4.1,4.71,0.82,0.41,0.2,0.82,0.2,0.2,0,0,0.61,0
"WA1Outer.ITS.S999",32.95,40.34,18.75,0,3.41,3.41,6.82,0.57,0,17.61,15.34,11.36,23.86,2.84,0.57,1.7,2.84,2.84,4.55,0,0,0,0,0,0.57,0.57
"WA10Mineral.ITS.S963",13.81,31.53,28.23,0.3,3.9,12.61,9.01,0.9,0.3,8.41,5.11,10.51,5.11,0.3,4.5,8.11,0.6,0.6,0,0.3,0,1.2,0.3,0.3,2.1,0
"WA10Organic.ITS.S965",12.44,33.48,20.59,0.68,5.66,9.05,6.33,1.36,0.68,9.95,3.62,8.37,5.43,0.68,3.62,4.98,0.68,1.36,0,0.9,0,0.68,1.36,1.13,0.9,0
"WA10Outer.ITS.S967",24.32,29.73,10.81,0,0,0,2.7,0,0,5.41,18.92,2.7,10.81,2.7,0,0,0,0,8.11,0,0,0,0,0,2.7,0
"WA101Inner.ITS.S931",50,50,40,0,0,0,10,0,0,20,40,30,30,20,0,0,0,0,10,0,0,0,0,0,0,0
"WA101Mineral.ITS.S933",15.05,38.8,24.41,1,6.02,9.7,9.03,1,0.67,9.03,5.02,9.36,4.35,0.33,5.69,10.7,0.67,1.34,0,1,0,1.34,0.33,0,1,0
"WA101Organic.ITS.S935",16.67,35.68,19.02,1.07,4.91,5.13,7.26,1.71,1.07,11.97,4.49,10.26,8.76,1.5,4.91,5.77,0.43,0.64,0,0.85,0.21,0.64,0.43,0,0.85,0
"WA101Outer.ITS.S937",26.67,26.67,6.67,0,1.67,0,6.67,0,0,3.33,8.33,3.33,20,3.33,0,0,1.67,0,3.33,0,0,0,0,0,0,0
"WA102Outer90a.ITS.S941",17.39,26.09,13.04,0,0,0,8.7,0,0,8.7,8.7,8.7,13.04,0,0,0,0,0,4.35,0,0,0,0,0,4.35,0
"WA102Outer91a.ITS.S943",20.31,29.69,14.06,0,0,1.56,1.56,1.56,0,14.06,10.94,7.81,12.5,3.12,0,0,0,0,4.69,0,0,0,0,0,1.56,0
"WA103Outer.ITS.S947",5.26,21.05,0,0,0,0,0,0,0,10.53,5.26,0,5.26,0,0,0,0,0,0,0,0,0,0,0,0,0
"WA103starInner.ITS.S949",13.86,34.65,14.85,0,0.99,0,3.96,0.99,0,12.87,6.93,11.88,6.93,0,2.97,2.97,1.98,0,1.98,0,0,0.99,0,0,2.97,0
"WA103starOuter.ITS.S951",24,34.67,18.67,4,4,6.67,8,5.33,4,16,5.33,4,13.33,2.67,1.33,4,0,4,4,0,0,0,0,0,1.33,0
"WA104Mineral.ITS.S955",18.21,40.6,25.97,0.9,7.46,8.96,10.45,1.79,0.9,11.64,6.27,12.24,5.97,0.9,6.57,11.04,1.49,1.49,0,1.49,0,0.6,0,0,1.19,0
"WA104Organic.ITS.S957",13.32,36.86,18.61,0.91,6.02,5.84,6.39,1.28,0.73,11.86,4.93,9.85,4.74,0.36,5.29,7.3,1.64,1.09,0.18,0.91,0,0.55,0,0,1.28,0
"WA104Outer.ITS.S959",20.27,35.14,16.22,0,0,1.35,8.11,0,0,13.51,5.41,10.81,13.51,1.35,0,0,5.41,0,1.35,0,0,0,0,0,0,0
"WA12Inner.ITS.S969",9.09,54.55,18.18,0,9.09,0,0,0,0,36.36,9.09,9.09,0,0,0,9.09,9.09,9.09,0,0,0,0,0,0,0,0
"WA12Mineral.ITS.S971",16.02,37.98,22.22,0.78,5.94,1.55,8.01,1.03,0.78,12.66,6.72,14.99,6.2,1.29,6.72,11.11,2.07,1.81,0,3.1,0,1.03,0,0,1.29,0.26
"WA12Organic.ITS.S973",17.47,42.37,16.67,0.6,5.82,1.2,8.23,1,0.4,15.26,6.83,10.84,8.63,1.61,4.22,5.22,1.2,1,0,2.41,0,0.8,0,0,0.8,0
"WA12Outer.ITS.S975",21.88,28.12,9.38,0,0,0,3.12,0,0,3.12,15.62,6.25,18.75,6.25,3.12,6.25,0,0,3.12,0,0,0,0,0,0,0
"WA14Inner96c.ITS.S977",27.27,54.55,0,0,9.09,0,0,0,0,27.27,27.27,0,0,0,0,0,0,0,0,0,0,0,0,0,0,0
"WA14Outer96a.ITS.S981",7.14,14.29,14.29,0,0,0,0,0,0,0,0,7.14,7.14,7.14,0,0,0,7.14,0,0,0,0,0,0,0,0
"WA14Outer97a.ITS.S983",23.33,20,0,0,0,0,0,0,0,6.67,10,0,20,0,0,0,0,0,0,0,0,0,0,0,0,0
"WA15Inner.ITS.S985",23.53,58.82,11.76,0,0,0,0,0,0,0,5.88,5.88,17.65,5.88,0,0,0,0,5.88,0,0,0,0,0,0,0
"WA15Mineral.ITS.S987",16.22,40.84,23.42,0.6,5.41,7.21,10.21,0.6,0.3,11.11,4.2,12.01,7.21,0.6,7.21,9.61,1.2,0.9,0,0.6,0.3,0.3,0,0,0.6,0.3
"WA15Organic.ITS.S989",14.71,31.52,15.06,0.53,4.03,4.2,6.48,1.4,0.53,9.28,3.33,7.71,7.71,0.53,3.85,4.03,1.23,0.7,0.18,1.23,0,0.53,0.18,0,0.53,0
"WA15Outer.ITS.S991",22.58,20.97,14.52,0,1.61,0,4.84,0,0,3.23,8.06,12.9,14.52,1.61,3.23,1.61,0,0,3.23,0,0,0,0,0,3.23,0
"WA5Inner.ITS.S1001",15,35,10,0,0,0,0,0,0,10,5,5,10,0,0,0,0,0,5,0,0,0,0,0,0,0
"WA5Mineral.ITS.S1003",13.4,32.51,32.01,0.25,9.93,19.35,5.96,0,0,8.93,4.47,9.18,6.2,0.25,8.93,6.7,0.74,0.74,0,0.5,0.25,0.74,1.49,1.49,1.24,0
"WA5Organic.ITS.S1005",16.57,38.32,22.55,0.4,8.78,10.18,5.39,1.6,0,10.38,5.59,9.58,8.58,0.6,8.98,4.39,1.6,1,0.2,0.6,0,1,1.4,1.4,0.8,0.2
"WA5Outer.ITS.S1007",0,0,0,0,0,0,0,0,0,0,0,0,0,0,0,0,0,0,0,0,0,0,0,0,0,0
"WAX1Outer.ITS.S1011",23.4,32.98,11.7,0,2.13,0,4.26,0,0,17.02,10.64,9.57,19.15,5.32,0,1.06,0,0,2.13,0,1.06,0,0,0,0,1.06
"WO1Mineral.ITS.S1017",17.45,31.49,32.34,0.43,3.4,18.3,7.66,0.85,0.43,9.36,2.98,8.94,5.96,0.43,5.53,9.79,2.55,0.85,0,0,0,4.68,1.28,0.43,0.43,0
"WO1Organic.ITS.S1019",14.5,29.74,24.16,0,3.35,16.36,4.09,0.74,0,10.41,2.97,6.69,8.55,0.37,4.09,4.46,4.46,1.12,0,0,0.37,3.72,1.86,0,0,0
"WO1Outer.ITS.S1021",32.81,34.38,9.38,0,1.56,0,10.94,0,0,7.81,10.94,4.69,23.44,1.56,0,0,0,1.56,0,0,0,0,0,0,0,0
"WP101Inner.ITS.S1023",50,60,0,0,10,0,0,10,0,30,30,0,30,0,10,0,0,0,0,0,0,0,0,0,0,0
"WP101Mineral.ITS.S1025",21.03,35.9,40.51,0,5.13,18.46,7.69,1.03,0,10.26,7.69,15.38,7.18,1.03,7.18,9.74,2.56,1.54,0.51,0,0.51,5.13,3.08,2.56,2.56,0
"WP101Organic.ITS.S1027",20.98,30.73,31.71,0,2.93,16.1,9.27,0,0,11.71,8.29,13.17,6.34,0.49,6.34,4.88,1.95,0.98,0.49,0,0,6.83,3.9,0.98,3.41,0
"WP101Outer.ITS.S1029",21.7,25.47,15.09,0,0.94,1.89,6.6,0,0,5.66,10.38,7.55,13.21,4.72,0.94,0.94,0.94,0.94,5.66,0,0,0,0,0,1.89,0
"WP102Inner.ITS.S1031",16.67,25,0,0,8.33,0,8.33,0,0,8.33,8.33,0,8.33,0,0,0,0,0,0,0,0,0,0,0,0,0
"WP102Outer.ITS.S1033",23.68,23.68,21.93,0,1.75,3.51,8.77,0,0,9.65,10.53,8.77,14.04,6.14,0,0.88,0.88,0.88,9.65,0,0,0,0,0,2.63,0
"WP103Inner.ITS.S1035",27.45,39.22,31.37,0,3.92,3.92,7.84,0,0,21.57,23.53,17.65,13.73,7.84,0,1.96,0,0,9.8,0,0,0,0,0,1.96,0
"WP103Mineral.ITS.S1037",16.22,35.68,40.54,0,4.86,22.7,5.95,0.54,0,10.27,3.78,11.89,5.95,0,7.03,11.35,2.16,0.54,0,0,0,4.86,3.78,3.24,1.08,0
"WP103Outer.ITS.S1041",28.73,28.18,14.36,0,1.66,0.55,11.05,0,0,7.73,13.81,8.29,15.47,3.87,1.66,1.66,1.1,0.55,4.42,0,0,0,0,0,2.76,0
"WP2Inner.ITS.S1043",30.77,43.59,12.82,0,2.56,2.56,5.13,0,0,10.26,10.26,7.69,20.51,2.56,2.56,2.56,2.56,2.56,2.56,0,0,0,0,0,0,0
"WP2Mineral.ITS.S1045",12.25,27.45,27.94,0,1.96,19.12,3.92,0,0,8.82,2.94,6.37,5.88,0.49,1.96,7.84,3.43,0.49,1.47,0,0,2.45,2.45,1.96,0.98,0
"WP2Organic.ITS.S1047",18.32,31.68,28.22,0,2.48,16.34,7.43,0.99,0,10.4,4.95,9.41,6.93,0.5,4.46,6.93,3.47,0.99,1.49,0,0,4.46,1.49,0,1.49,0
"WP2Outer.ITS.S1049",24.04,23.08,15.38,0,0,0,8.65,0,0,6.73,10.58,9.62,11.54,1.92,0.96,0.96,3.85,1.92,4.81,0,0,0,0,0,2.88,0
"WP3Inner.ITS.S1051",28.57,30.25,18.49,0,2.52,1.68,6.72,0,0,10.08,15.13,9.24,16.81,1.68,0.84,0.84,0,0.84,6.72,0,0,0,0,0,3.36,0
"WP3Organic.ITS.S1053",17.43,33.94,34.86,0.46,2.29,24.77,5.5,1.38,0,12.84,3.67,7.8,8.72,0.46,3.67,5.05,4.13,0.92,2.29,0,0.46,4.59,2.75,0.92,0.92,0
"WP3Outer.ITS.S1055",19.61,27.45,15.69,0,3.92,0,7.84,0,0,17.65,13.73,7.84,13.73,1.96,0,0,0,0,7.84,0,0,0,0,0,1.96,0
"WP4Inner.ITS.S1077",30.95,29.76,23.81,0,3.57,5.95,7.14,0,0,10.71,17.86,14.29,16.67,4.76,3.57,1.19,2.38,2.38,3.57,0,0,1.19,1.19,0,4.76,0
"WP4Organic.ITS.S1079",19.11,31.56,33.33,0,2.22,21.33,5.78,1.33,0,12,4.44,9.78,10.22,0.89,4.44,5.78,4.89,0.44,1.33,0,0,4,4,1.78,0.89,0
"WP4Outer.ITS.S1081",28.24,32.06,16.79,0.76,3.82,2.29,9.16,0,0,11.45,13.74,10.69,16.03,1.53,2.29,3.05,2.29,1.53,3.82,0,0,0,0,0,3.05,0.76
"WP401Inner.ITS.S203",28.07,49.12,31.58,0,5.26,0,7.02,1.75,0,14.04,15.79,29.82,17.54,0,19.3,19.3,0,0,1.75,0,0,0,0,0,5.26,0
"WP401Mineral.ITS.S1057",15.29,38.82,37.65,0,4.71,17.06,6.47,0,0,11.76,3.53,12.94,7.65,0.59,8.82,11.18,3.53,0.59,0,0,0.59,3.53,1.18,1.18,0.59,0
"WP401Organic.ITS.S1059",17.65,32.94,28.24,0.78,3.14,16.47,5.49,1.57,0.39,13.33,3.92,8.63,9.02,0.39,4.31,4.71,3.92,0.39,0.39,0,0,4.31,1.18,0.39,0.39,0
"WP401Outer.ITS.S206",16.67,27.78,15.28,0,2.78,0,2.78,0,0,5.56,11.11,8.33,9.72,4.17,2.78,4.17,1.39,1.39,5.56,0,0,0,0,0,1.39,0
"WP402Mineral.ITS.S1063",17.24,38.51,36.78,0.57,4.6,20.69,9.2,0.57,0.57,11.49,2.87,10.34,4.6,0.57,7.47,8.62,3.45,0.57,0,0,0,5.75,1.72,0.57,0.57,0
"WP402Organic.ITS.S1065",13.92,36.6,29.9,0.52,4.64,19.07,5.15,1.03,0,14.95,2.06,10.31,4.64,0,7.73,7.22,4.12,0.52,0,0,0,5.67,2.58,0,0,0
"WP402Outer.ITS.S1067",26.06,33.1,13.38,0.7,5.63,1.41,9.15,0.7,0.7,11.27,11.97,5.63,15.49,0.7,1.41,2.11,0.7,1.41,3.52,0,0,0,0,0,1.41,0
"WP403Inner.ITS.S1069",19.35,32.26,12.9,0,0,0,12.9,0,0,9.68,12.9,6.45,12.9,0,0,0,6.45,0,3.23,0,0,0,0,0,0,0
"WP403Mineral.ITS.S1071",21.05,35.53,39.47,0.66,5.26,16.45,8.55,0.66,0.66,10.53,6.58,14.47,7.24,0.66,7.24,9.21,2.63,1.32,0.66,0,0,5.92,0.66,0.66,1.32,0
"WP403Organic.ITS.S1073",16.72,34.11,21.4,0.67,4.68,12.04,6.35,1,0.33,12.04,4.01,7.02,7.02,0.67,4.68,4.01,4.01,0.67,0,0,0.33,4.35,1.34,0,0.33,0
"WP403Outer.ITS.S1075",20.37,25,10.19,0,1.85,0,4.63,0,0,8.33,8.33,5.56,13.89,2.78,0.93,0.93,1.85,0.93,3.7,0,0,0,0,0,0.93,0
"WP5Inner.ITS.S1083",15.28,16.67,9.72,0,2.78,1.39,6.94,0,0,5.56,8.33,2.78,11.11,1.39,0,0,1.39,0,5.56,0,0,0,0,0,1.39,0
"WP5Mineral.ITS.S1085",15.76,26.11,33,0,1.97,17.24,5.91,0.49,0,6.9,3.94,12.81,6.9,0.49,6.9,8.87,2.46,0.49,0.49,0,0,3.94,1.97,0.99,1.97,0
"WP5Organic.ITS.S1087",16.36,28.18,29.55,0,1.82,16.82,6.36,0.91,0,9.09,2.73,11.36,7.27,0,6.36,5.45,3.64,0.91,0.45,0,0,5,2.27,0,0.91,0
"WP5Outer.ITS.S1089",22.73,72.73,36.36,0,22.73,4.55,18.18,0,0,36.36,18.18,27.27,4.55,0,0,4.55,9.09,0,0,0,0,4.55,0,0,13.64,0
"WP6Inner.ITS.S1091",28.12,37.5,15.62,0,3.12,3.12,9.38,0,0,12.5,15.62,9.38,12.5,0,0,0,3.12,0,0,0,3.12,0,0,0,9.38,0
"WP6Mineral.ITS.S1093",19.23,39.42,35.1,0.48,4.81,16.83,5.29,0.48,0.48,11.54,3.37,11.06,8.65,0.48,8.65,14.42,5.77,0.48,0,0,0,5.29,1.44,0.48,1.44,0
"WP6Organic.ITS.S1095",17.35,33.79,34.7,0.91,3.65,21.92,5.94,1.37,0.46,13.7,2.28,10.5,6.85,0,5.94,6.85,4.57,0.46,0,0,0,5.48,2.28,0.46,0,0
"WP7Inner.ITS.S209",24.47,39.36,15.96,0,1.06,0,7.45,0,0,8.51,13.83,12.77,15.96,3.19,4.26,6.38,1.06,0,0,0,1.06,0,0,0,2.13,0
"WP7Mineral.ITS.S1097",17.62,40.93,32.12,0,5.7,11.92,6.22,0,0,11.4,4.15,13.47,6.22,0,7.77,15.03,3.11,0.52,0,0,0,5.18,0.52,0,1.04,0.52
"WP7Organic.ITS.S1099",17.96,32.52,30.1,0,3.4,18.45,4.37,2.43,0,12.14,2.43,7.77,9.71,0,5.34,7.77,3.88,0.49,0,0,0.49,5.34,0.97,0,0,0
"WP7Outer.ITS.S212",22.22,53.97,22.22,0,6.35,3.17,3.17,3.17,0,12.7,17.46,19.05,14.29,4.76,7.94,7.94,3.17,0,1.59,0,0,1.59,1.59,1.59,1.59,1.59
"WP8Inner.ITS.S1101",25.53,31.91,10.64,0,4.26,0,8.51,0,0,10.64,17.02,8.51,12.77,4.26,0,2.13,2.13,2.13,2.13,0,0,0,0,0,2.13,0
"WP8Mineral.ITS.S1103",22.78,39.87,36.08,0.63,5.06,12.66,9.49,0.63,0.63,11.39,5.06,16.46,10.76,0.63,6.96,13.29,2.53,0.63,0,0,0,4.43,0.63,0.63,3.16,0
"WP8Organic.ITS.S1105",16.75,27.75,26.79,0.48,2.87,17.22,5.26,0.48,0.48,9.09,2.39,4.78,5.74,0,2.87,5.74,4.78,0.48,0,0,0,5.26,0.48,0,0,0
"WP8Outer.ITS.S1107",29.1,31.34,20.15,0,2.24,2.24,5.97,0.75,0,8.96,17.16,10.45,20.15,2.24,1.49,1.49,0.75,1.49,7.46,0,0,0,0,0,4.48,0.75
"WP9Inner.ITS.S1109",24.05,27.22,17.72,0,1.9,2.53,9.49,0.63,0,8.23,10.76,8.86,13.92,3.16,1.27,0.63,0.63,1.27,5.06,0,0,0,0,0,3.8,0
"WP9Mineral.ITS.S1111",22.37,36.84,34.65,0.88,3.51,15.79,7.02,0.88,0,9.65,3.07,10.53,9.21,0,6.14,13.6,3.51,0,0,0,0,5.7,0.44,0.44,0.88,0
"WP9Organic.ITS.S1113",14.93,34.03,28.47,0.35,2.43,16.32,5.9,0.35,0,11.11,2.78,9.03,5.56,0.69,5.21,5.9,2.78,1.04,0.35,0,0.35,5.56,2.08,0,0.69,0
"WP9Outer.ITS.S1115",27.91,34.88,25.58,0,2.33,2.33,6.98,2.33,0,11.63,9.3,6.98,16.28,4.65,4.65,4.65,2.33,4.65,13.95,0,0,0,0,0,0,0
"WPBereniceMineral.ITS.S1119",13.84,30.51,22.03,0.85,4.24,8.19,5.93,0.85,0.85,8.19,5.93,9.89,4.52,0.56,4.8,9.89,1.41,1.13,0,1.69,0,0.85,0,0,1.13,0
"WPBERENICEInner.ITS.S1117",29.2,28.47,15.33,0,2.19,0.73,8.03,0,0,10.95,20.44,9.49,16.79,3.65,0,0.73,1.46,1.46,3.65,0,0.73,0.73,0,0,3.65,0
"WPBERENICEOrganic.ITS.S1121",15.25,37,20.25,0.5,4.25,6,7.75,1,0.25,12.25,6.25,9.75,6.25,1.75,4.25,7,1.5,1,0.75,1.5,0.25,1,0,0,1,0.25
"WPBERENICEOuter.ITS.S1123",22.79,27.91,16.28,0,0.47,0.93,7.91,0,0,7.91,13.49,8.84,13.49,3.26,1.4,1.86,1.4,0.93,5.12,0,0,0,0,0,2.33,0
"WPX2Inner.ITS.S1129",42.99,40.19,15.89,0,3.74,0.93,9.35,0.93,0,11.21,25.23,10.28,23.36,6.54,0.93,2.8,0.93,2.8,3.74,0,0,0,0.93,0,0.93,0.93
"WPX2Mineral.ITS.S1131",15.03,36.61,19.95,0.55,5.19,3.83,7.1,0.55,0.27,12.3,4.37,11.75,7.38,0.82,5.74,9.02,1.64,1.37,0,1.09,0.27,0.55,0.27,0,1.09,0
"WPX2Organic.ITS.S1133",15.83,36.5,12.85,0.74,4.28,1.86,5.03,1.86,0.19,14.34,3.17,8.57,10.61,1.49,3.91,4.28,1.49,0.56,0,0.74,0,0.74,0.19,0,0.74,0
"WPX22Inner.ITS.S1125",39.68,26.98,23.81,0,3.17,0,19.05,0,0,9.52,25.4,14.29,20.63,7.94,0,1.59,1.59,0,6.35,0,0,0,0,0,7.94,0
"WPX22Outer.ITS.S1127",46.77,46.77,22.58,0,1.61,0,11.29,0,0,20.97,29.03,14.52,29.03,9.68,0,1.61,1.61,0,3.23,0,0,0,0,0,3.23,0
"WPX5Inner.ITS.S1135",30,37.5,10,0,0,0,2.5,0,0,17.5,17.5,7.5,25,7.5,0,0,0,0,5,0,0,0,0,0,0,2.5
"WPX5Mineral.ITS.S1137",16.85,33.43,24.03,0.28,4.14,8.29,8.01,0,0,11.33,3.87,11.33,7.18,0.55,4.97,7.73,3.04,1.66,0,0.28,0.28,2.49,0.55,0,0.83,0
"WPX5Organic.ITS.S1139",15.38,34.74,18.36,0.25,3.23,6.45,5.46,1.74,0.25,10.67,2.73,8.19,8.19,0.74,3.97,5.71,2.23,0.99,0.5,0.74,0.74,0.99,0.25,0.25,0.74,0
"WPX5Outer.ITS.S1141",25.47,33.02,14.15,0,0.94,2.83,6.6,0,0,10.38,16.98,5.66,16.04,1.89,0.94,0.94,1.89,0.94,3.77,0,0,0,0,0,1.89,0
"WPX7Inner.ITS.S215",30.23,46.51,27.91,0,4.65,4.65,11.63,0,0,18.6,13.95,18.6,16.28,11.63,6.98,13.95,6.98,0,2.33,0,0,0,0,0,0,0
"WPX7Mineral.ITS.S218",14.18,32.98,25.18,0,4.61,12.41,6.38,0.35,0,10.28,3.9,9.22,5.67,1.06,5.32,8.51,2.13,0.71,0,0.35,0,1.06,0.35,0.35,1.42,0
"WPX7Organic.ITS.S1143",14.66,32.98,14.92,0.26,3.4,4.97,4.97,1.31,0,10.99,3.4,7.59,8.38,1.31,3.4,4.45,1.83,0.79,0,0.79,0,0.79,0,0,0.79,0
"WPX7Outer.ITS.S221",28.9,37.16,17.43,0,2.29,1.38,9.17,0,0,10.55,13.3,12.84,19.27,4.59,3.21,4.59,1.38,1.38,2.29,0,0,0,0,0,1.83,0
"YB10Mineral.ITS.S1149",16.14,31.84,32.29,0.45,4.48,17.49,7.17,0.45,0.45,13,4.04,9.42,6.73,0.45,4.48,9.42,3.59,0.45,1.35,0,0,4.48,0.45,0,1.35,0
"YB10Organic.ITS.S1151",15.56,35.56,36.67,0,3.89,23.33,5,0.56,0,15,3.89,8.89,5,1.11,4.44,4.44,5.56,1.11,1.11,0,0,6.11,1.67,0,0.56,0
"YB10Outer.ITS.S1153",16.67,25,25,0,0,0,0,0,0,8.33,16.67,8.33,16.67,8.33,0,0,0,0,16.67,0,0,0,0,0,0,0
"YB11Inner.ITS.S1157",25.53,34.04,14.89,0,2.13,4.26,6.38,0,0,8.51,2.13,6.38,19.15,2.13,4.26,2.13,2.13,0,2.13,0,0,4.26,2.13,0,0,0
"YB11Organic.ITS.S1161",15.29,31.8,24.46,0.61,3.98,12.23,7.03,0,0,9.79,4.59,9.48,6.12,0.92,4.59,5.81,3.06,0.61,0,0,0,2.75,0.92,0.31,1.83,0
"YB11Outer.ITS.S1163",31.82,13.64,9.09,0,4.55,0,9.09,0,0,9.09,13.64,9.09,22.73,0,0,0,0,0,0,0,0,0,0,0,9.09,0
"YB11primeOuter.ITS.S1167",34.78,33.33,17.39,0,2.9,5.8,5.8,2.9,0,13.04,10.14,7.25,26.09,4.35,1.45,1.45,2.9,2.9,1.45,0,0,1.45,0,0,0,1.45
"YB12Inner.ITS.S224",13.79,27.59,17.24,0,0,0,0,0,0,3.45,6.9,13.79,13.79,3.45,10.34,17.24,0,0,3.45,0,0,0,0,0,0,0
"YB12Outer.ITS.S227",17.65,52.94,41.18,0,5.88,0,0,0,0,11.76,0,41.18,17.65,0,29.41,23.53,0,0,0,0,0,0,0,0,0,0
"YB13Inner.ITS.S1171",24.32,37.84,37.84,0,2.7,24.32,10.81,0,0,13.51,5.41,8.11,13.51,0,2.7,5.41,2.7,0,2.7,0,0,2.7,0,0,2.7,0
"YB13Mineral.ITS.S230",14.33,31.06,22.18,0,2.73,10.58,4.78,0.34,0,8.87,6.14,9.22,5.12,0.68,5.12,8.53,3.75,0.68,0.34,0,0.34,2.05,1.71,0.68,1.02,0.34
"YB13Organic.ITS.S1173",15.19,28.27,19.2,0.63,3.8,10.55,4.01,1.69,0.21,9.7,4.01,7.38,8.86,0.84,3.38,3.8,1.9,0.84,0.42,0,0.21,1.48,0.84,0.42,1.27,0
"YB13Outer.ITS.S1175",36.36,36.36,18.18,0,9.09,0,27.27,0,0,27.27,18.18,18.18,18.18,0,0,0,0,0,0,0,0,0,0,0,9.09,0
"YB14Mineral.ITS.S1177",10.53,28.23,22.49,0.96,3.35,13.88,5.26,0.96,0.96,10.05,2.87,5.74,4.31,0.96,3.35,6.7,4.78,0,0.96,0.48,0,0.96,0.48,0,0.96,0
"YB14Organic.ITS.S1179",11.68,25.63,19.54,0.25,2.28,12.69,3.05,1.52,0,7.87,2.79,5.33,7.61,0.76,2.79,2.28,2.28,0.25,0.25,0,0,1.78,1.78,0.25,0.51,0.25
"YB15Inner.ITS.S1183",25,28.57,21.43,3.57,10.71,10.71,7.14,3.57,3.57,14.29,3.57,3.57,14.29,3.57,0,0,7.14,0,7.14,0,0,0,0,0,3.57,0
"YB15Mineral.ITS.S1185",23.92,34.45,36.36,0,4.31,15.79,9.09,0,0,8.61,5.74,15.79,11,0.48,7.66,10.05,2.87,1.44,0,0,0,5.26,1.44,0.48,2.39,0
"YB15Organic.ITS.S1187",19.87,30.13,29.14,0.66,1.66,15.23,6.29,1.32,0,9.93,5.63,10.26,7.95,1.32,4.3,5.3,3.31,1.32,0.33,0,0,4.97,0.66,0,1.32,0.33
"YB15Outer.ITS.S1189",9.52,19.05,9.52,0,0,0,0,0,0,0,4.76,0,4.76,4.76,0,0,0,0,9.52,0,0,0,0,0,0,0
"YB2Mineral.ITS.S1191",8.9,15.41,9.93,0,0.68,4.11,3.08,0,0,5.82,3.08,4.11,6.16,1.03,1.03,1.71,1.37,0.68,0.68,0,0,0.34,0,0,0,0.34
"YB2Outer.ITS.S1193",44.83,27.59,17.24,0,0,0,10.34,0,0,6.9,20.69,20.69,31.03,3.45,0,0,0,0,0,0,0,0,0,0,3.45,0
"YB3Mineral.ITS.S1199",20.6,34.67,37.69,0,3.52,20.1,8.04,0,0,9.05,4.52,10.55,8.04,0.5,5.53,10.55,4.52,0.5,0,0,0,6.53,2.01,0.5,1.51,0
"YB3Organic.ITS.S1201",21.79,33.52,32.4,0.56,3.35,20.67,8.94,1.12,0.56,11.17,3.91,7.82,8.38,0,4.47,4.47,5.03,0.56,0,0,0,6.15,2.23,0,1.12,0
"YB3Outer.ITS.S1203",37.5,50,25,0,12.5,0,0,0,0,37.5,37.5,37.5,37.5,25,0,0,0,0,0,0,0,0,0,0,0,12.5
"YB4Inner.ITS.S1205",26.67,40,0,0,0,0,0,0,0,6.67,0,0,26.67,0,0,0,0,0,0,0,0,0,0,0,0,0
"YB4Mineral.ITS.S1207",18.48,36.96,34.24,0.54,4.89,18.48,5.43,1.09,0.54,10.33,5.43,10.33,8.15,1.63,6.52,10.87,3.26,0,0.54,0,0,4.89,1.09,0.54,1.09,0
"YB4Organic.ITS.S1209",20.11,34.39,34.39,1.06,1.59,22.75,7.94,1.59,0.53,10.58,2.65,8.47,7.94,0,5.29,7.94,5.29,0.53,0,0,0,4.23,1.06,0,0.53,0
"YB4Outer.ITS.S1211",42.37,40.68,22.03,0,3.39,1.69,10.17,0,0,18.64,16.95,15.25,32.2,11.86,1.69,1.69,0,1.69,1.69,0,0,0,0,0,0,0
"YB5Mineral.ITS.S1215",14.93,34.7,27.61,0,3.73,16.04,5.22,0,0,13.06,4.48,9.33,8.96,0.75,3.36,5.97,4.48,1.12,0.37,1.12,0.37,2.99,2.24,0.75,1.49,0.37
"YB5Organic.ITS.S1217",14.25,31.88,17.87,0.72,4.59,7.25,5.07,0,0,11.59,2.9,8.7,8.7,0.97,3.86,3.38,2.42,1.21,0.48,0.24,0.24,2.17,0.72,0,0.72,0
"YB5Outer.ITS.S1219",37.5,29.17,20.83,0,4.17,0,0,0,0,16.67,16.67,12.5,29.17,12.5,4.17,0,0,0,8.33,0,0,0,0,0,0,0
"YB9Inner45c.ITS.S1223",21.57,35.29,13.73,1.96,5.88,1.96,5.88,0,0,5.88,5.88,5.88,11.76,0,3.92,1.96,0,0,3.92,0,0,0,0,0,1.96,0
"YB9Inner44c.ITS.S1221",23.68,26.32,15.79,2.63,0,0,10.53,0,0,5.26,10.53,13.16,10.53,2.63,0,0,0,5.26,5.26,0,0,0,0,0,2.63,0
"YB9Organic.ITS.S1227",16.67,27.03,27.03,0.45,3.15,17.57,6.31,1.8,0.45,12.61,2.25,7.21,8.56,0,2.7,4.5,3.6,1.35,0.45,0,0,4.05,1.8,0.45,0.9,0
"YB9Outer.ITS.S1229",17.39,13.04,26.09,0,0,0,4.35,0,0,0,8.7,8.7,13.04,0,0,0,0,4.35,17.39,0,0,0,0,0,0,0
"YBYBInner.ITS.S233",34.62,34.62,15.38,0,1.28,0,6.41,0,0,7.69,21.79,17.95,20.51,1.28,1.28,2.56,0,3.85,1.28,0,0,0,0,0,3.85,3.85
"YBYBMineral.ITS.S1231",17.58,30.91,38.18,0,3.03,24.85,4.24,0,0,11.52,2.42,7.27,7.88,0.61,4.85,7.27,4.85,0,0.61,0,0,6.06,0.61,0,0.61,0
"YBYBOrganic.ITS.S1233",20.3,36.04,30.46,0.51,5.08,18.27,8.63,0.51,0.51,16.24,3.55,8.12,7.11,0.51,5.08,4.06,4.57,1.02,0.51,0,0,5.58,1.02,0,0.51,0
"YBYBOuter.ITS.S236",24.53,37.74,20.75,0,3.77,0,7.55,0,0,11.32,20.75,20.75,16.98,5.66,9.43,7.55,1.89,0,0,0,0,0,0,0,3.77,0
